0.3000000000,0.0000000000,0.2000000000,0.0000000000
0.3001393074,0.0278606960,0.1995252629,-0.0949303419
0.3005571829,0.0557120810,0.1981020760,-0.1896558420
0.3012534870,0.0835448641,0.1957335103,-0.2839721005
0.3022279873,0.1113497945,0.1924246767,-0.3776756006
0.3034803594,0.1391176816,0.1881827150,-0.4705641478
0.3050101871,0.1668394147,0.1830167786,-0.5624373061
0.3068169638,0.1945059826,0.1769380146,-0.6530968305
0.3089000932,0.2221084933,0.1699595399,-0.7423470948
0.3112588909,0.2496381927,0.1620964126,-0.8299955137
0.3138925857,0.2770864843,0.1533655999,-0.9158529584
0.3168003211,0.3044449468,0.1437859414,-0.9997341648
0.3199811577,0.3317053531,0.1333781079,-1.0814581329
0.3234340746,0.3588596874,0.1221645579,-1.1608485178
0.3271579719,0.3859001629,0.1101694878,-1.2377340100
0.3311516732,0.4128192386,0.0974187810,-1.3119487050
0.3354139277,0.4396096352,0.0839399509,-1.3833324616
0.3399434136,0.4662643514,0.0697620823,-1.4517312469
0.3447387401,0.4927766783,0.0549157686,-1.5169974693
0.3497984511,0.5191402145,0.0394330451,-1.5789902966
0.3551210281,0.5453488796,0.0233473207,-1.6375759598
0.3607048933,0.5713969274,0.0066933053,-1.6926280422
0.3665484132,0.5972789583,-0.0104930647,-1.7440277517
0.3726499022,0.6229899308,-0.0281747045,-1.7916641774
0.3790076260,0.6485251727,-0.0463134604,-1.8354345288
0.3856198056,0.6738803908,-0.0648701924,-1.8752443579
0.3924846207,0.6990516805,-0.0838048585,-1.9110077624
0.3996002143,0.7240355341,-0.1030766014,-1.9426475716
0.4069646962,0.7488288483,-0.1226438361,-1.9700955128
0.4145761472,0.7734289308,-0.1424643403,-1.9932923586
0.4224326231,0.7978335065,-0.1624953450,-2.0121880544
0.4305321594,0.8220407220,-0.1826936272,-2.0267418270
0.4388727749,0.8460491500,-0.2030156028,-2.0369222719
0.4474524764,0.8698577918,-0.2234174206,-2.0427074218
0.4562692628,0.8934660800,-0.2438550576,-2.0440847934
0.4653211296,0.9168738796,-0.2642844130,-2.0410514145
0.4746060731,0.9400814880,-0.2846614041,-2.0336138307
0.4841220945,0.9630896348,-0.3049420613,-2.0217880907
0.4938672047,0.9858994799,-0.3250826228,-2.0055997125
0.5038394283,1.0085126110,-0.3450396289,-1.9850836273
0.5140368079,1.0309310404,-0.3647700162,-1.9602841051
0.5244574082,1.0531572006,-0.3842312102,-1.9312546586
0.5350993204,1.0751939387,-0.4033812174,-1.8980579279
0.5459606663,1.0970445108,-0.4221787156,-1.8607655452
0.5570396022,1.1187125747,-0.4405831434,-1.8194579805
0.5683343229,1.1402021818,-0.4585547874,-1.7742243678
0.5798430658,1.1615177688,-0.4760548683,-1.7251623127
0.5915641142,1.1826641479,-0.4930456242,-1.6723776818
0.6034958019,1.2036464961,-0.5094903922,-1.6159843745
0.6156365158,1.2244703449,-0.5253536876,-1.5561040770
0.6279847000,1.2451415673,-0.5406012803,-1.4928659996
0.6405388590,1.2656663658,-0.5552002690,-1.4264065982
0.6532975609,1.2860512590,-0.5691191518,-1.3568692797
0.6662594406,1.3063030673,-0.5823278944,-1.2844040926
0.6794232023,1.3264288982,-0.5947979947,-1.2091674031
0.6927876232,1.3464361312,-0.6065025446,-1.1313215578
0.7063515551,1.3663324014,-0.6174162880,-1.0510345333
0.7201139275,1.3861255837,-0.6275156750,-0.9684795741
0.7340737501,1.4058237752,-0.6367789130,-0.8838348182
0.7482301141,1.4254352782,-0.6451860137,-0.7972829130
0.7625821950,1.4449685817,-0.6527188362,-0.7090106213
0.7771292539,1.4644323438,-0.6593611261,-0.6192084180
0.7918706394,1.4838353725,-0.6650985505,-0.5280700795
0.8068057887,1.5031866068,-0.6699187291,-0.4357922650
0.8219342290,1.5224950976,-0.6738112610,-0.3425740928
0.8372555786,1.5417699879,-0.6767677468,-0.2486167102
0.8527695475,1.5610204933,-0.6787818069,-0.1541228595
0.8684759381,1.5802558820,-0.6798490953,-0.0592964407
0.8843746457,1.5994854547,-0.6799673091,0.0356579287
0.9004656588,1.6187185249,-0.6791361932,0.1305353550
0.9167490589,1.6379643982,-0.6773575410,0.2251311106
0.9332250204,1.6572323530,-0.6746351904,0.3192410755
0.9498938104,1.6765316197,-0.6709750159,0.4126621783
0.9667557877,1.6958713612,-0.6663849152,0.5051928338
0.9838114028,1.7152606533,-0.6608747932,0.5966333781
1.0010611959,1.7347084645,-0.6544565394,0.6867864999
1.0185057966,1.7542236375,-0.6471440034,0.7754576656
1.0361459222,1.7738148691,-0.6389529641,0.8624555395
1.0539823760,1.7934906924,-0.6299010964,0.9475923966
1.0720160459,1.8132594578,-0.6200079324,1.0306845276
1.0902479021,1.8331293151,-0.6092948198,1.1115526353
1.1086789956,1.8531081962,-0.5977848754,1.1900222215
1.1273104552,1.8732037974,-0.5855029355,1.2659239637
1.1461434855,1.8934235635,-0.5724755022,1.3390940800
1.1651793643,1.9137746710,-0.5587306863,1.4093746833
1.1844194397,1.9342640134,-0.5442981465,1.4766141211
1.2038651273,1.9548981855,-0.5292090255,1.5406673035
1.2235179071,1.9756834700,-0.5134958828,1.6013960156
1.2433793203,1.9966258231,-0.4971926244,1.6586692164
1.2634509659,2.0177308624,-0.4803344296,1.7123633211
1.2837344975,2.0390038544,-0.4629576753,1.7623624678
1.3042316193,2.0604497030,-0.4450998573,1.8085587679
1.3249440829,2.0820729393,-0.4267995094,1.8508525384
1.3458736832,2.1038777116,-0.4080961201,1.8891525173
1.3670222548,2.1258677764,-0.3890300481,1.9233760605
1.3883916676,2.1480464905,-0.3696424342,1.9534493200
1.4099838233,2.1704168036,-0.3499751133,1.9793074033
1.4318006508,2.1929812517,-0.3300705237,2.0008945136
1.4538441025,2.2157419523,-0.3099716159,2.0181640700
1.4761161498,2.2387005992,-0.2897217595,2.0310788080
1.4986187786,2.2618584591,-0.2693646498,2.0396108600
1.5213539858,2.2852163688,-0.2489442136,2.0437418155
1.5443237742,2.3087747336,-0.2285045145,2.0434627606
1.5675301486,2.3325335260,-0.2080896575,2.0387742975
1.5909751114,2.3564922861,-0.1877436939,2.0296865430
1.6146606580,2.3806501228,-0.1675105266,2.0162191067
1.6385887730,2.4050057149,-0.1474338149,1.9984010490
1.6627614257,2.4295573150,-0.1275568806,1.9762708177
1.6871805655,2.4543027523,-0.1079226143,1.9498761658
1.7118481183,2.4792394381,-0.0885733832,1.9192740479
1.7367659818,2.5043643708,-0.0695509391,1.8845304978
1.7619360219,2.5296741427,-0.0508963291,1.8457204853
1.7873600682,2.5551649473,-0.0326498061,1.8029277552
1.8130399103,2.5808325872,-0.0148507428,1.7562446462
1.8389772941,2.6066724838,0.0024624537,1.7057718917
1.8651739177,2.6326796864,0.0192524250,1.6516184023
1.8916314279,2.6588488837,0.0354829413,1.5939010311
1.9183514165,2.6851744146,0.0511189803,1.5327443214
1.9453354173,2.7116502807,0.0661268024,1.4682802377
1.9725849022,2.7382701591,0.0804740234,1.4006478815
2.0001012785,2.7650274164,0.0941296848,1.3299931907
2.0278858854,2.7919151226,0.1070643203,1.2564686248
2.0559399917,2.8189260661,0.1192500193,1.1802328359
2.0842647926,2.8460527697,0.1306604873,1.1014503267
2.1128614073,2.8732875062,0.1412711028,1.0202910948
2.1417308764,2.9006223151,0.1510589701,0.9369302667
2.1708741599,2.9280490205,0.1600029686,0.8515477193
2.2002921352,2.9555592476,0.1680837991,0.7643276922
2.2299855948,2.9831444418,0.1752840245,0.6754583897
2.2599552449,3.0107958865,0.1815881081,0.5851315750
2.2902017038,3.0385047223,0.1869824470,0.4935421565
2.3207255007,3.0662619659,0.1914554011,0.4008877669
2.3515270742,3.0940585296,0.1949973187,0.3073683368
2.3826067718,3.1218852406,0.1976005569,0.2131856638
2.4139648487,3.1497328614,0.1992594984,0.1185429761
2.4456014678,3.1775921091,0.1999705637,0.0236444951
2.4775166986,3.2054536760,0.1997322183,-0.0713050064
2.5097105180,3.2333082491,0.1985449765,-0.1661006450
2.5421828093,3.2611465307,0.1964114002,-0.2605378698
2.5749333634,3.2889592580,0.1933360932,-0.3544129027
2.6079618786,3.3167372238,0.1893256915,-0.4475231794
2.6412679616,3.3444712954,0.1843888487,-0.5396677852
2.6748511281,3.3721524351,0.1785362177,-0.6306478894
2.7087108041,3.3997717194,0.1717804273,-0.7202671742
2.7428463269,3.4273203582,0.1641360553,-0.8083322578
2.7772569469,3.4547897138,0.1556195967,-0.8946531126
2.8119418287,3.4821713198,0.1462494285,-0.9790434742
2.8469000532,3.5094568989,0.1360457697,-1.0613212442
2.8821306197,3.5366383811,0.1250306379,-1.1413088826
2.9176324477,3.5637079210,0.1132278017,-1.2188337911
2.9534043796,3.5906579148,0.1006627294,-1.2937286856
2.9894451830,3.6174810167,0.0873625341,-1.3658319570
3.0257535533,3.6441701545,0.0733559150,-1.4349880200
3.0623281169,3.6707185453,0.0586730959,-1.5010476488
3.0991674334,3.6971197099,0.0433457594,-1.5638682991
3.1362699997,3.7233674865,0.0274069792,-1.6233144158
3.1736342524,3.7494560447,0.0108911480,-1.6792577255
3.2112585716,3.7753798973,-0.0061660961,-1.7315775128
3.2491412842,3.8011339126,-0.0237279467,-1.7801608817
3.2872806678,3.8267133257,-0.0417565086,-1.8249029982
3.3256749540,3.8521137479,-0.0602128797,-1.8657073174
3.3643223327,3.8773311771,-0.0790572345,-1.9024857912
3.4032209555,3.9023620061,-0.0982489105,-1.9351590585
3.4423689401,3.9272030301,-0.1177464956,-1.9636566167
3.4817643741,3.9518514540,-0.1375079178,-1.9879169733
3.5214053192,3.9763048983,-0.1574905356,-2.0078877790
3.5612898155,4.0005614043,-0.1776512302,-2.0235259407
3.6014158857,4.0246194380,-0.1979464987,-2.0347977140
3.6417815390,4.0484778941,-0.2183325477,-2.0416787766
3.6823847760,4.0721360974,-0.2387653880,-2.0441542806
3.7232235926,4.0955938053,-0.2592009293,-2.0422188842
3.7642959844,4.1188512075,-0.2795950755,-2.0358767636
3.8055999510,4.1419089261,-0.2999038200,-2.0251416039
3.8471335007,4.1647680141,-0.3200833403,-2.0100365697
3.8888946541,4.1874299529,-0.3400900928,-1.9905942546
3.9308814489,4.2098966496,-0.3598809066,-1.9668566117
3.9730919440,4.2321704323,-0.3794130770,-1.9388748622
4.0155242236,4.2542540457,-0.3986444571,-1.9067093855
4.0581764015,4.2761506444,-0.4175335493,-1.8704295886
4.1010466250,4.2978637870,-0.4360395945,-1.8301137565
4.1441330789,4.3193974278,-0.4541226600,-1.7858488833
4.1874339896,4.3407559082,-0.4717437261,-1.7377304841
4.2309476289,4.3619439480,-0.4888647698,-1.6858623895
4.2746723173,4.3829666344,-0.5054488471,-1.6303565209
4.3186064285,4.4038294116,-0.5214601727,-1.5713326497
4.3627483918,4.4245380688,-0.5368641972,-1.5089181383
4.4070966965,4.4450987278,-0.5516276815,-1.4432476654
4.4516498945,4.4655178296,-0.5657187689,-1.3744629355
4.4964066037,4.4858021208,-0.5791070534,-1.3027123732
4.5413655109,4.5059586389,-0.5917636456,-1.2281508026
4.5865253749,4.5259946972,-0.6036612351,-1.1509391137
4.6318850286,4.5459178685,-0.6147741489,-1.0712439146
4.6774433820,4.5657359698,-0.6250784077,-0.9892371728
4.7231994245,4.5854570444,-0.6345517766,-0.9050958432
4.7691522270,4.6050893450,-0.6431738140,-0.8190014870
4.8153009436,4.6246413160,-0.6509259151,-0.7311398798
4.8616448142,4.6441215751,-0.6577913523,-0.6417006102
4.9081831653,4.6635388946,-0.6637553114,-0.5508766714
4.9549154120,4.6829021829,-0.6688049232,-0.4588640443
5.0018410590,4.7022204648,-0.6729292916,-0.3658612750
5.0489597017,4.7215028621,-0.6761195169,-0.2720690459
5.0962710272,4.7407585742,-0.6783687154,-0.1776897430
5.1437748151,4.7599968581,-0.6796720336,-0.0829270191
5.1914709373,4.7792270083,-0.6800266593,0.0120146458
5.2393593591,4.7984583369,-0.6794318272,0.1069303853
5.2874401390,4.8177001536,-0.6778888208,0.2016153892
5.3357134281,4.8369617451,-0.6754009696,0.2958653450
5.3841794706,4.8562523558,-0.6719736421,0.3894768790
5.4328386026,4.8755811673,-0.6676142336,0.4822479952
5.4816912516,4.8949572789,-0.6623321511,0.5739785110
5.5307379358,4.9143896876,-0.6561387922,0.6644704891
5.5799792627,4.9338872691,-0.6490475210,0.7535286648
5.6294159276,4.9534587585,-0.6410736392,0.8409608675
5.6790487128,4.9731127313,-0.6322343529,0.9265784349
5.7288784852,4.9928575852,-0.6225487356,1.0101966203
5.7789061948,5.0127015215,-0.6120376870,1.0916349914
5.8291328725,5.0326525279,-0.6007238881,1.1707178196
5.8795596281,5.0527183611,-0.5886317519,1.2472744589
5.9301876476,5.0729065299,-0.5757873709,1.3211397146
5.9810181907,5.0932242792,-0.5622184608,1.3921541994
6.0320525884,5.1136785743,-0.5479543010,1.4601646773
6.0832922396,5.1342760858,-0.5330256706,1.5250243945
6.1347386087,5.1550231752,-0.5174647829,1.5865933959
6.1863932219,5.1759258815,-0.5013052154,1.6447388273
6.2382576641,5.1969899077,-0.4845818373,1.6993352218
6.2903335757,5.2182206086,-0.4673307347,1.7502647704
6.3426226485,5.2396229796,-0.4495891320,1.7974175770
6.3951266229,5.2612016456,-0.4313953123,1.8406918946
6.4478472833,5.2829608510,-0.4127885346,1.8799943454
6.5007864546,5.3049044507,-0.3938089487,1.9152401220
6.5539459985,5.3270359017,-0.3744975089,1.9463531708
6.6073278091,5.3493582555,-0.3548958858,1.9732663556
6.6609338088,5.3718741520,-0.3350463759,1.9959216028
6.7147659447,5.3945858132,-0.3149918108,2.0142700266
6.7688261837,5.4174950387,-0.2947754645,2.0282720347
6.8231165087,5.4406032019,-0.2744409600,2.0378974133
6.8776389141,5.4639112469,-0.2540321753,2.0431253926
6.9323954016,5.4874196865,-0.2335931488,2.0439446917
6.9873879761,5.5111286010,-0.2131679840,2.0403535427
7.0426186408,5.5350376382,-0.1928007546,2.0323596946
7.0980893934,5.5591460140,-0.1725354093,2.0199803966
7.1538022215,5.5834525142,-0.1524156769,2.0032423609
7.2097590986,5.6079554972,-0.1324849719,1.9821817051
7.2659619796,5.6326528972,-0.1127863011,1.9568438740
7.3224127964,5.6575422291,-0.0933621704,1.9272835420
7.3791134543,5.6826205935,-0.0742544936,1.8935644946
7.4360658274,5.7078846832,-0.0555045014,1.8557594914
7.4932717547,5.7333307901,-0.0371526527,1.8139501082
7.5507330363,5.7589548136,-0.0192385473,1.7682265620
7.6084514291,5.7847522688,-0.0018008407,1.7186875154
7.6664286436,5.8107182970,0.0151228401,1.6654398646
7.7246663396,5.8368476755,0.0314959767,1.6085985078
7.7831661231,5.8631348291,0.0472832392,1.5482860981
7.8419295424,5.8895738423,0.0624505615,1.4846327782
7.9009580853,5.9161584717,0.0769652155,1.4177759001
7.9602531754,5.9428821600,0.0907958812,1.3478597284
8.0198161692,5.9697380495,0.1039127146,1.2750351289
8.0796483533,5.9967189974,0.1162874121,1.1994592434
8.1397509414,6.0238175912,0.1278932715,1.1212951506
8.2001250718,6.0510261642,0.1387052494,1.0407115137
8.2607718049,6.0783368127,0.1487000157,0.9578822172
8.3216921212,6.1057414125,0.1578560035,0.8729859911
8.3828869186,6.1332316368,0.1661534559,0.7862060254
8.4443570110,6.1607989741,0.1735744686,0.6977295751
8.5061031262,6.1884347463,0.1801030285,0.6077475556
8.5681259046,6.2161301278,0.1857250481,0.5164541311
8.6304258977,6.2438761644,0.1904283962,0.4240462959
8.6930035666,6.2716637925,0.1942029237,0.3307234485
8.7558592816,6.2994838587,0.1970404862,0.2366869621
8.8189933211,6.3273271396,0.1989349604,0.1421397497
8.8824058709,6.3551843620,0.1998822587,0.0472858266
8.9460970238,6.3830462224,0.1998803368,-0.0476701305
9.0100667798,6.4109034071,0.1989291990,-0.1425232244
9.0743150454,6.4387466127,0.1970308976,-0.2370687800
9.1388416345,6.4665665662,0.1941895287,-0.3311027858
9.2036462685,6.4943540443,0.1904112235,-0.4244223341
9.2687285766,6.5220998940,0.1857041350,-0.5168260588
9.3340880973,6.5497950522,0.1800784200,-0.6081145701
9.3997242788,6.5774305651,0.1735462179,-0.6980908845
9.4656364804,6.6049976076,0.1661216238,-0.7865608502
9.5318239738,6.6324875024,0.1578206588,-0.8733335655
9.5982859449,6.6598917386,0.1486612346,-0.9582217913
9.6650214953,6.6872019901,0.1386631157,-1.0410423547
9.7320296443,6.7144101337,0.1278478760,-1.1216165445
9.7993093312,6.7415082665,0.1162388528,-1.1997704969
9.8668594174,6.7684887230,0.1038610962,-1.2753355702
9.9346786887,6.7953440916,0.0907413152,-1.3481487093
10.0027658584,6.8220672305,0.0769078196,-1.4180527971
10.0711195697,6.8486512836,0.0623904596,-1.4848969937
10.1397383986,6.8750896944,0.0472205609,-1.5485370620
10.2086208572,6.9013762210,0.0314308573,-1.6088356786
10.2777653969,6.9275049493,0.0150554201,-1.6656627305
10.3471704116,6.9534703054,-0.0018704158,-1.7188955955
10.4168342410,6.9792670682,-0.0193101275,-1.7684194072
10.4867551747,7.0048903802,-0.0372260833,-1.8141273025
10.5569314555,7.0303357584,-0.0555796241,-1.8559206524
10.6273612831,7.0555991034,-0.0743311463,-1.8937092747
10.6980428184,7.0806767091,-0.0934401877,-1.9274116286
10.7689741871,7.1055652696,-0.1128655146,-1.9569549908
10.8401534839,7.1302618874,-0.1325652107,-1.9822756122
10.9115787767,7.1547640789,-0.1524967679,-2.0033188559
10.9832481105,7.1790697802,-0.1726171775,-2.0200393143
11.0551595118,7.2031773512,-0.1928830235,-2.0324009078
11.1273109930,7.2270855796,-0.2132505761,-2.0403769626
11.1997005563,7.2507936830,-0.2336758859,-2.0439502677
11.2723261983,7.2743013109,-0.2541148789,-2.0431131127
11.3451859145,7.2976085455,-0.2745234516,-2.0378673039
11.4182777029,7.3207159013,-0.2948575661,-2.0282241609
11.4915995693,7.3436243240,-0.3150733453,-2.0142044916
11.5651495308,7.3663351888,-0.3351271673,-1.9958385480
11.6389256205,7.3888502971,-0.3549757598,-1.9731659603
11.7129258916,7.4111718726,-0.3745762931,-1.9462356517
11.7871484216,7.4333025567,-0.3938864731,-1.9151057326
11.8615913166,7.4552454027,-0.4128646320,-1.8798433756
11.9362527151,7.4770038693,-0.4314698185,-1.8405246703
12.0111307922,7.4985818128,-0.4496618861,-1.7972344590
12.0862237637,7.5199834794,-0.4674015798,-1.7500661538
12.1615298896,7.5412134954,-0.4846506206,-1.6991215352
12.2370474780,7.5622768575,-0.5013717883,-1.6445105318
12.3127748890,7.5831789221,-0.5175290019,-1.5863509841
12.3887105378,7.6039253937,-0.5330873970,-1.5247683895
12.4648528984,7.6245223124,-0.5480134017,-1.4598956315
12.5412005067,7.6449760411,-0.5622748083,-1.3918726933
12.6177519641,7.6652932516,-0.5758408435,-1.3208463558
12.6945059399,7.6854809105,-0.5886822343,-1.2469698802
12.7714611746,7.7055462635,-0.6007712713,-1.1704026783
12.8486164825,7.7254968208,-0.6120818689,-1.0913099676
12.9259707542,7.7453403397,-0.6225896207,-1.0098624152
13.0035229591,7.7650848090,-0.6322718530,-0.9262357698
13.0812721475,7.7847384309,-0.6411076734,-0.8406104818
13.1592174528,7.8043096037,-0.6490780159,-0.7531713145
13.2373580933,7.8238069037,-0.6561656820,-0.6641069452
13.3156933738,7.8432390666,-0.6623553778,-0.5736095581
13.3942226871,7.8626149684,-0.6676337470,-0.4818744294
13.4729455156,7.8819436069,-0.6719894001,-0.3890995064
13.5518614320,7.9012340816,-0.6754129383,-0.2954849798
13.6309701006,7.9204955744,-0.6778969742,-0.2012328523
13.7102712777,7.9397373299,-0.6794361478,-0.1065465021
13.7897648124,7.9589686350,-0.6800271379,-0.0116302446
13.8694506466,7.9781987993,-0.6796686691,0.0833111088
13.9493288156,7.9974371350,-0.6783615150,0.1780726925
14.0293994475,8.0166929366,-0.6761084961,0.2724500288
14.1096627634,8.0359754606,-0.6729144742,0.3662394692
14.1901190765,8.0552939063,-0.6687863412,0.4592386337
14.2707687917,8.0746573952,-0.6637330049,0.5512468477
14.3516124046,8.0940749517,-0.6577653695,0.6420655746
14.4326505006,8.1135554835,-0.6508963119,0.7314988449
14.5138837535,8.1331077624,-0.6431406544,0.8193536782
14.5953129238,8.1527404054,-0.6345151322,0.9054405004
14.6769388576,8.1724618563,-0.6250383574,0.9895735524
14.7587624845,8.1922803668,-0.6147307793,1.0715712908
14.8407848153,8.2122039795,-0.6036146397,1.1512567800
14.9230069405,8.2322405102,-0.5917139250,1.2284580736
15.0054300272,8.2523975310,-0.5790543148,1.3030085858
15.0880553171,8.2726823540,-0.5656631261,1.3747474506
15.1708841238,8.2931020154,-0.5515692546,1.4435198690
15.2539178294,8.3136632606,-0.5368031123,1.5091774431
15.3371578824,8.3343725296,-0.5213965616,1.5715784962
15.4206057939,8.3552359426,-0.5053828471,1.6305883785
15.5042631344,8.3762592876,-0.4887965232,1.6860797579
15.5881315309,8.3974480073,-0.4716733803,1.7379328943
15.6722126628,8.4188071876,-0.4540503667,1.7860358985
15.7565082586,8.4403415464,-0.4359655097,1.8302849733
15.8410200922,8.4620554240,-0.4174578329,1.8705846374
15.9257499787,8.4839527728,-0.3985672724,1.9068479317
16.0106997711,8.5060371498,-0.3793345906,1.9389966069
16.0958713557,8.5283117082,-0.3598012879,1.9669612923
16.1812666484,8.5507791908,-0.3400095136,1.9906816452
16.2668875904,8.5734419241,-0.3200019745,2.0101064815
16.3527361441,8.5963018134,-0.2998218431,2.0251938863
16.4388142888,8.6193603385,-0.2795126644,2.0359113036
16.5251240166,8.6426185506,-0.2591182618,2.0422356074
16.6116673276,8.6660770700,-0.2386826425,2.0441531509
16.6984462263,8.6897360847,-0.2182499028,2.0416597965
16.7854627168,8.7135953503,-0.1978641327,2.0347609243
16.8727187986,8.7376541899,-0.1775693208,2.0234714208
16.9602164622,8.7619114965,-0.1574092596,2.0078156466
17.0479576850,8.7863657343,-0.1374274506,1.9878273841
17.1359444269,8.8110149429,-0.1176670108,1.9635497639
17.2241786259,8.8358567411,-0.0981705795,1.9350351728
17.3126621944,8.8608883322,-0.0789802265,1.9023451398
17.4013970146,8.8861065097,-0.0601373607,1.8655502039
17.4903849346,8.9115076648,-0.0416826417,1.8247297616
17.5796277645,8.9370877937,-0.0236558912,1.7799718957
17.6691272724,8.9628425064,-0.0060960075,1.7313731853
17.7588851807,8.9887670363,0.0109591184,1.6790384973
17.8489031621,9.0148562502,0.0274726847,1.6230807602
17.9391828364,9.0411046598,0.0434090584,1.5636207200
18.0297257666,9.0675064329,0.0587338517,1.5007866805
18.1205334558,9.0940554067,0.0734139965,1.4347142257
18.2116073438,9.1207451007,0.0874178159,1.3655459275
18.3029488043,9.1475687307,0.1007150924,1.2934310381
18.3945591413,9.1745192234,0.1132771328,1.2185251678
18.4864395871,9.2015892319,0.1250768306,1.1409899494
18.5785912990,9.2287711515,0.1360887244,1.0609926894
18.6710153571,9.2560571357,0.1462890524,0.9787060068
18.7637127617,9.2834391137,0.1556558044,0.8943074607
18.8566844318,9.3109088074,0.1641687687,0.8079791673
18.9499312021,9.3384577497,0.1718095758,0.7199074069
19.0434538221,9.3660773022,0.1785617384,0.6302822218
19.1372529542,9.3937586742,0.1844106865,0.5392970062
19.2313291720,9.4214929418,0.1893437992,0.4471480891
19.3256829592,9.4492710667,0.1933504318,0.3540343106
19.4203147090,9.4770839162,0.1964219388,0.2601565926
19.5152247226,9.5049222824,0.1985516923,0.1657175056
19.6104132089,9.5327769025,0.1997350969,0.0709208314
19.7058802839,9.5606384788,0.1999695988,-0.0240288766
19.8016259706,9.5884976982,0.1992546922,-0.1189267348
19.8976501989,9.6163452531,0.1975919196,-0.2135679714
19.9939528058,9.6441718607,0.1949848690,-0.3077483686
20.0905335355,9.6719682836,0.1914391659,-0.4012647027
20.1873920403,9.6997253495,0.1869624613,-0.4939151830
20.2845278810,9.7274339710,0.1815644151,-0.5854998873
20.3819405283,9.7550851653,0.1752566752,-0.6758211930
20.4796293634,9.7826700735,0.1680528526,-0.7646842037
20.5775936797,9.8101799797,0.1599684917,-0.8518971697
20.6758326844,9.8376063298,0.1510210371,-0.9372719019
20.7743454999,9.8649407500,0.1412297956,-1.0206241777
20.8731311657,9.8921750650,0.1306158951,-1.1017741385
20.9721886409,9.9193013154,0.1192022382,-1.1805466779
21.0715168060,9.9463117751,0.1070134535,-1.2567718198
21.1711144655,9.9731989675,0.0940758420,-1.3302850844
21.2709803504,9.9999556825,0.0804173208,-1.4009278442
21.3711131211,10.0265749912,0.0660673623,-1.4685476651
21.4715113701,10.0530502612,0.0510569311,-1.5329986365
21.5721736251,10.0793751711,0.0354184168,-1.5941416853
21.6730983523,10.1055437239,0.0191855644,-1.6518448761
21.7742839595,10.1315502598,0.0023934014,-1.7059836965
21.8757287997,10.1573894688,-0.0149218380,-1.7564413250
21.9774311746,10.1830564019,-0.0327227907,-1.8031088835
22.0793893382,10.2085464818,-0.0509710455,-1.8458856723
22.1816015006,10.2338555129,-0.0696272262,-1.8846793871
22.2840658322,10.2589796902,-0.0886510763,-1.9194063183
22.3867804669,10.2839156076,-0.1080015459,-1.9499915317
22.4897435068,10.3086602653,-0.1276368802,-1.9763690303
22.5929530260,10.3332110760,-0.1475147100,-1.9984818963
22.6964070749,10.3575658709,-0.1675921426,-2.0162824143
22.8001036841,10.3817229040,-0.1878258547,-2.0297321742
22.9040408693,10.4056808563,-0.2081721858,-2.0388021539
23.0082166347,10.4294388380,-0.2285872323,-2.0434727821
23.1126289779,10.4529963911,-0.2490269423,-2.0437339804
23.2172758942,10.4763534899,-0.2694472108,-2.0395851854
23.3221553808,10.4995105414,-0.2898039748,-2.0310353491
23.4272654410,10.5224683842,-0.3100533081,-2.0181029207
23.5326040887,10.5452282867,-0.3301515165,-2.0008158058
23.6381693525,10.5677919445,-0.3500552319,-1.9792113069
23.7439592804,10.5901614765,-0.3697215058,-1.9533360422
23.8499719434,10.6123394207,-0.3891079020,-1.9232458459
23.9562054400,10.6343287285,-0.4081725884,-1.8890056468
24.0626579003,10.6561327581,-0.4268744269,-1.8506893289
24.1693274901,10.6777552678,-0.4451730625,-1.8083795716
24.2762124144,10.6992004073,-0.4630290102,-1.7621676714
24.3833109220,10.7204727092,-0.4804037403,-1.7121533448
24.4906213088,10.7415770792,-0.4972597612,-1.6584445135
24.5981419214,10.7625187849,-0.5135607010,-1.6011570708
24.7058711610,10.7833034454,-0.5292713852,-1.5404146325
24.8138074866,10.8039370185,-0.5443579131,-1.4763482691
24.9219494186,10.8244257877,-0.5587877308,-1.4090962239
25.0302955416,10.8447763496,-0.5725297016,-1.3388036142
25.1388445079,10.8649955984,-0.5855541728,-1.2656221181
25.2475950398,10.8850907119,-0.5978330401,-1.1897096475
25.3565459331,10.9050691360,-0.6093398079,-1.1112300074
25.4656960592,10.9249385680,-0.6200496469,-1.0303525419
25.5750443676,10.9447069406,-0.6299394472,-0.9472517695
25.6845898883,10.9643824045,-0.6389878685,-0.8621070060
25.7943317338,10.9839733110,-0.6471753860,-0.7751019778
25.9042691011,11.0034881936,-0.6544843326,-0.6864244253
26.0144012732,11.0229357500,-0.6608989369,-0.5962656980
26.1247276211,11.0423248233,-0.6664053575,-0.5048203415
26.2352476046,11.0616643827,-0.6709917124,-0.4122856777
26.3459607740,11.0809635041,-0.6746481053,-0.3188613790
26.4568667705,11.1002313508,-0.6773666464,-0.2247490374
26.5679653275,11.1194771536,-0.6791414694,-0.1301517296
26.6792562710,11.1387101909,-0.6799687448,-0.0352735789
26.7907395198,11.1579397684,-0.6798466873,0.0596806855
26.9024150859,11.1771751995,-0.6787755603,0.1545061703
27.0142830743,11.1964257850,-0.6767576753,0.2489982598
27.1263436830,11.2157007928,-0.6737973862,0.3429530579
27.2385972023,11.2350094382,-0.6699010810,0.4361678278
27.3510440143,11.2543608640,-0.6650771671,0.5284414296
27.4636845923,11.2737641206,-0.6593360536,0.6195747542
27.5765194993,11.2932281465,-0.6526901288,0.7093711531
27.6895493872,11.3127617493,-0.6451537332,0.7976368625
27.8027749951,11.3323735861,-0.6367431291,0.8841814215
27.9161971480,11.3520721456,-0.6274764649,0.9688180834
28.0298167548,11.3718657290,-0.6173737364,1.0513642181
28.1436348064,11.3917624326,-0.6064567433,1.1316417066
28.2576523735,11.4117701304,-0.5947490424,1.2094773253
28.3718706044,11.4318964566,-0.5822758968,1.2847031193
28.4862907226,11.4521487895,-0.5690642212,1.3571567658
28.6009140240,11.4725342355,-0.5551425238,1.4266819232
28.7157418738,11.4930596138,-0.5405408452,1.4931285694
28.8307757044,11.5137314417,-0.5252906928,1.5563533251
28.9460170115,11.5345559204,-0.5094249738,1.6162197631
29.0614673513,11.5555389218,-0.4929779234,1.6725987029
29.1771283368,11.5766859755,-0.4759850312,1.7253684894
29.2930016349,11.5980022575,-0.4584829646,1.7744152552
29.4090889622,11.6194925784,-0.4405094898,1.8196331668
29.5253920815,11.6411613731,-0.4221033903,1.8609246522
29.6419127981,11.6630126917,-0.4033043828,1.8982006124
29.7586529559,11.6850501903,-0.3841530322,1.9313806127
29.8756144334,11.7072771233,-0.3646906634,1.9603930570
29.9927991394,11.7296963362,-0.3449592726,1.9851753419
30.1102090092,11.7523102598,-0.3250014364,2.0056739919
30.2278460004,11.7751209047,-0.3048602200,2.0218447747
30.3457120884,11.7981298568,-0.2845790845,2.0336527968
30.4638092624,11.8213382745,-0.2642017926,2.0410725788
30.5821395212,11.8447468853,-0.2437723148,2.0440881102
30.7007048685,11.8683559851,-0.2233347340,2.0426928839
30.8195073088,11.8921654370,-0.2029331507,2.0368899107
30.9385488432,11.9161746720,-0.1826115876,2.0266917122
31.0578314649,11.9403826896,-0.1624138949,2.0121202943
31.1773571549,11.9647880607,-0.1423836553,1.9932070993
31.2971278778,11.9893889303,-0.1225640905,1.9699929384
31.4171455776,12.0141830214,-0.1029979672,1.9425279033
31.5374121734,12.0391676402,-0.0837275054,1.9108712584
31.6579295552,12.0643396818,-0.0647942873,1.8750913129
31.7786995801,12.0896956368,-0.0462391671,1.8352652730
31.8997240680,12.1152315989,-0.0281021833,1.7914790760
32.0210047978,12.1409432735,-0.0104224721,1.7438272041
32.1425435037,12.1668259868,0.0067618170,1.6924124811
32.2643418709,12.1928746959,0.0234136036,1.6373458505
32.3864015329,12.2190839998,0.0394969562,1.5787461354
32.5087240671,12.2454481508,0.0549771700,1.5167397833
32.6313109919,12.2719610672,0.0698208416,1.4514605920
32.7541637630,12.2986163462,0.0839959412,1.3830494218
32.8772837710,12.3254072781,0.0974718815,1.3116538912
33.0006723375,12.3523268600,0.1102195840,1.2374280582
33.1243307128,12.3793678118,0.1222115416,1.1605320882
33.2482600732,12.4065225913,0.1334218778,1.0811319083
33.3724615181,12.4337834108,0.1438264029,0.9993988492
33.4969360681,12.4611422537,0.1534026659,0.9155092753
33.6216846625,12.4885908919,0.1621300029,0.8296442047
33.7467081572,12.5161209036,0.1699895821,0.7419889179
33.8720073232,12.5437236912,0.1769644440,0.6527325587
33.9975828445,12.5713905004,0.1830395381,0.5620677254
34.1234353170,12.5991124386,0.1882017554,0.4701900556
34.2495652470,12.6268804941,0.1924399570,0.3772978042
34.3759730502,12.6546855559,0.1957449975,0.2835914151
34.5026590508,12.6825184329,0.1981097454,0.1892730891
34.6296234808,12.7103698744,0.1995290978,0.0945463473
34.7568664792,12.7382305891,0.1999999922,-0.0003844077
34.8843880924,12.7660912662,0.1995214124,-0.0953143331
35.0121882734,12.7939425946,0.1980943912,-0.1900385882
35.1402668822,12.8217752835,0.1957220077,-0.2843527758
35.2686236861,12.8495800825,0.1924093811,-0.3780533836
35.3972583602,12.8773478011,0.1881636594,-0.4709382233
35.5261704881,12.9050693290,0.1829940042,-0.5628068669
35.6553595628,12.9327356554,0.1769115705,-0.6534610792
35.7848249876,12.9603378889,0.1699294831,-0.7427052454
35.9145660777,12.9878672760,0.1620628080,-0.8303467934
36.0445820616,13.0153152208,0.1533285201,-0.9161966092
36.1748720826,13.0426733029,0.1437454662,-1.0000694451
36.3054352007,13.0699332958,0.1333343249,-1.0817843192
36.4362703948,13.0970871847,0.1221175614,-1.1611649064
36.5673765647,13.1241271839,0.1101193793,-1.2380399181
36.6987525337,13.1510457532,0.0973656685,-1.3122434725
36.8303970507,13.1778356145,0.0838839491,-1.3836154524
36.9623087936,13.2044897676,0.0697033121,-1.4520018505
37.0944863713,13.2310015049,0.0548543567,-1.5172551017
37.2269283276,13.2573644262,0.0393691240,-1.5792344018
37.3596331435,13.2835724525,0.0232810284,-1.6378060112
37.4925992411,13.3096198390,0.0066247849,-1.6928435434
37.6258249868,13.3355011873,-0.0105636654,-1.7442282376
37.7593086946,13.3612114577,-0.0282472332,-1.7918492154
37.8930486301,13.3867459792,-0.0463877606,-1.8356037197
38.0270430140,13.4121004604,-0.0649461037,-1.8753973365
38.1612900261,13.4372709982,-0.0838822172,-1.9111441987
38.2957878091,13.4622540865,-0.1031552404,-1.9427671712
38.4305344726,13.4870466236,-0.1227235858,-1.9701980176
38.5655280973,13.5116459190,-0.1425450287,-1.9933775474
38.7007667392,13.5360496993,-0.1625767980,-2.0122557434
38.8362484334,13.5602561127,-0.1827756689,-2.0267918701
38.9719711988,13.5842637337,-0.2030980562,-2.0369545612
39.1079330421,13.6080715653,-0.2235001079,-2.0427218876
39.2441319622,13.6316790420,-0.2439378002,-2.0440814044
39.3805659546,13.6550860303,-0.2643670324,-2.0410301781
39.5172330154,13.6782928296,-0.2847437222,-2.0335747926
39.6541311462,13.7013001711,-0.3050239003,-2.0217313353
39.7912583578,13.7241092163,-0.3251638061,-2.0055253621
39.9286126748,13.7467215550,-0.3451199814,-1.9849918425
40.0661921399,13.7691392009,-0.3648493645,-1.9601750839
40.2039948179,13.7913645883,-0.3843093831,-1.9311286362
40.3420188003,13.8134005660,-0.4034580461,-1.8979151762
40.4802622087,13.8352503917,-0.4222540345,-1.8606063723
40.6187231997,13.8569177248,-0.4406567898,-1.8192827299
40.7573999684,13.8784066183,-0.4586266026,-1.7740334176
40.8962907521,13.8997215104,-0.4761246972,-1.7249560749
41.0353938346,13.9208672148,-0.4931133161,-1.6721566016
41.1747075496,13.9418489101,-0.5095558010,-1.6157489288
41.3142302845,13.9626721290,-0.5254166722,-1.5558547738
41.4539604835,13.9833427459,-0.5406617049,-1.4926033769
41.5938966514,14.0038669648,-0.5552580031,-1.4261312228
41.7340373565,14.0242513053,-0.5691740708,-1.3565817457
41.8743812339,14.0445025892,-0.5823798798,-1.2841050204
42.0149269884,14.0646279250,-0.5948469344,-1.2088574381
42.1556733972,14.0846346932,-0.6065483330,-1.1310013689
42.2966193125,14.1045305301,-0.6174588262,-1.0507048114
42.4377636642,14.1243233114,-0.6275548713,-0.9681410306
42.5791054622,14.1440211351,-0.6368146828,-0.8834881837
42.7206437981,14.1636323043,-0.6452182798,-0.7969289354
42.8623778477,14.1831653088,-0.6527475290,-0.7086500644
43.0043068725,14.2026288072,-0.6593861836,-0.6188420599
43.1464302215,14.2220316081,-0.6651199187,-0.5276987106
43.2887473322,14.2413826511,-0.6699363620,-0.4354166868
43.4312577321,14.2606909874,-0.6738251204,-0.3421951157
43.5739610400,14.2799657604,-0.6767778028,-0.2482351519
43.7168569662,14.2992161859,-0.6787880378,-0.1537395433
43.8599453135,14.3184515323,-0.6798514878,-0.0589121938
44.0032259776,14.3376811004,-0.6799658580,0.0360422772
44.1466989473,14.3569142036,-0.6791309015,0.1309189758
44.2903643044,14.3761601477,-0.6773484202,0.2255131758
44.4342222239,14.3954282106,-0.6746222602,0.3196207608
44.5782729732,14.4147276227,-0.6709583041,0.4130386644
44.7225169115,14.4340675466,-0.6663644580,0.5055653082
44.8669544894,14.4534570575,-0.6608506345,0.5970010371
45.0115862478,14.4729051238,-0.6544287316,0.6871485502
45.1564128165,14.4924205871,-0.6471126063,0.7758133259
45.3014349132,14.5120121441,-0.6389180457,0.8628040425
45.4466533415,14.5316883269,-0.6298627318,0.9479329902
45.5920689897,14.5514574852,-0.6199662045,1.0310164769
45.7376828283,14.5713277680,-0.6092498186,1.1118752239
45.8834959086,14.5913071062,-0.5977366980,1.1903347535
46.0295093597,14.6114031952,-0.5854516859,1.2662257645
46.1757243865,14.6316234787,-0.5724212910,1.3393844985
46.3221422672,14.6519751321,-0.5586736304,1.4096530928
46.4687643501,14.6724650476,-0.5442383691,1.4768799209
46.6155920510,14.6930998190,-0.5291466555,1.5409199200
46.7626268503,14.7138857275,-0.5134310549,1.6016349037
46.9098702892,14.7348287280,-0.4971254784,1.6588938606
47.0573239672,14.7559344368,-0.4802651105,1.7125732367
47.2049895379,14.7772081189,-0.4628863326,1.7625572019
47.3528687059,14.7986546766,-0.4450266449,1.8087379002
47.5009632229,14.8202786397,-0.4267245852,1.8510156825
47.6492748839,14.8420841547,-0.4080196460,1.8892993210
47.7978055237,14.8640749767,-0.3889521890,1.9235062071
47.9465570124,14.8862544607,-0.3695633581,1.9535625287
48.0955312516,14.9086255548,-0.3498949908,1.9794034298
48.2447301706,14.9311907933,-0.3299895278,2.0009731507
48.3941557218,14.9539522921,-0.3098899212,2.0182251479
48.5438098764,14.9769117431,-0.2896395424,2.0311221950
48.6936946207,15.0000704114,-0.2692820876,2.0396364625
48.8438119515,15.0234291320,-0.2488614847,2.0437495782
48.9941638716,15.0469883084,-0.2284217972,2.0434526668
49.1447523858,15.0707479115,-0.2080071303,2.0387463689
49.2955794964,15.0947074796,-0.1876615350,2.0296408400
49.4466471990,15.1188661197,-0.1674289132,2.0161557279
49.5979574780,15.1432225091,-0.1473529231,1.9983201310
49.7495123026,15.1677748984,-0.1274768849,1.9761725353
49.9013136221,15.1925211154,-0.1078436875,1.9497607310
50.0533633624,15.2174585695,-0.0884956954,1.9191417098
50.2056634210,15.2425842576,-0.0694746581,1.8843815418
50.3582156637,15.2678947702,-0.0508216193,1.8455552330
50.5110219199,15.2933862993,-0.0325768289,1.8027465632
50.6640839791,15.3190546460,-0.0147796556,1.7560479054
50.8174035869,15.3448952300,0.0025314976,1.7055600266
50.9709824413,15.3709030994,0.0193192764,1.6513918701
51.1248221889,15.3970729412,0.0355474561,1.5936603207
51.2789244212,15.4233990929,0.0511810193,1.5324899520
51.4332906718,15.4498755549,0.0661862316,1.4680127584
51.5879224123,15.4764960030,0.0805307147,1.4003678694
51.7428210497,15.5032538025,0.0941835159,1.3297012499
51.8979879231,15.5301420222,0.1071151749,1.2561653854
52.0534243009,15.5571534496,0.1192977877,1.1799189522
52.2091313779,15.5842806063,0.1307050665,1.1011264759
52.3651102731,15.6115157640,0.1413123965,1.0199579758
52.5213620267,15.6388509616,0.1510968892,0.9365885983
52.6778875985,15.6662780220,0.1600374314,0.8511982388
52.8346878654,15.6937885699,0.1681147311,0.7639711536
52.9917636197,15.7213740500,0.1753113591,0.6750955624
53.1491155672,15.7490257450,0.1816117863,0.5847632420
53.3067443258,15.7767347949,0.1870024176,0.4931691125
53.4646504243,15.8044922161,0.1914716211,0.4005108168
53.6228343011,15.8322889203,0.1950097530,0.3069882942
53.7812963031,15.8601157346,0.1976091787,0.2128033485
53.9400366853,15.8879634212,0.1992642892,0.1181592133
54.0990556102,15.9158226971,0.1999715130,0.0232601127
54.2583531469,15.9436842544,0.1997293241,-0.0716891788
54.4179292718,15.9715387803,0.1985382451,-0.1664837786
54.5777838681,15.9993769771,0.1964008461,-0.2609191377
54.7379167260,16.0271895822,0.1933217392,-0.3547914824
54.8983275437,16.0549673887,0.1893075686,-0.4478982538
55.0590159274,16.0827012642,0.1843669960,-0.5400385451
55.2199813924,16.1103821714,0.1785106823,-0.6310135347
55.3812233645,16.1380011873,0.1717512643,-0.7206269159
55.5427411805,16.1655495225,0.1641033276,-0.8086853197
55.7045340905,16.1930185399,0.1555833750,-0.8949987328
55.8666012587,16.2203997737,0.1462097909,-0.9793809070
56.0289417658,16.2476849475,0.1360028017,-1.0616497614
56.1915546105,16.2748659922,0.1249844323,-1.1416277753
56.3544387123,16.3019350634,0.1131784582,-1.2191423713
56.5175929132,16.3288845582,0.1006103545,-1.2940262874
56.6810159804,16.3557071318,0.0873072407,-1.3661179382
56.8447066092,16.3823957134,0.0732978225,-1.4352617635
57.0086634254,16.4089435212,0.0586123296,-1.5013085639
57.1728849887,16.4353440770,0.0432824505,-1.5641158228
57.3373697955,16.4615912207,0.0273412641,-1.6235480141
57.5021162823,16.4876791229,0.0108231687,-1.6794768942
57.6671228288,16.5136022981,-0.0062361929,-1.7317817791
57.8323877620,16.5393556161,-0.0238000098,-1.7803498047
57.9979093591,16.5649343132,-0.0418303825,-1.8250761703
58.1636858515,16.5903340024,-0.0602884050,-1.8658643650
58.3297154290,16.6155506833,-0.0791342482,-1.9026263753
58.4959962431,16.6405807502,-0.0983272465,-1.9352828758
58.6625264113,16.6654209999,-0.1178259848,-1.9637634000
58.8293040210,16.6900686391,-0.1375883887,-1.9880064922
58.9963271340,16.7145212899,-0.1575718145,-2.0079598404
59.1635937903,16.7387769952,-0.1777331418,-2.0235803890
59.3311020123,16.7628342231,-0.1980288662,-2.0348344317
59.4988498094,16.7866918695,-0.2184151934,-2.0416976846
59.6668351821,16.8103492615,-0.2388481335,-2.0441553380
59.8350561263,16.8338061579,-0.2592835961,-2.0422020887
60.0035106376,16.8570627503,-0.2796774853,-2.0358421515
60.1721967156,16.8801196624,-0.2999857949,-2.0250892499
60.3411123687,16.9029779491,-0.3201647034,-2.0099665867
60.5102556174,16.9256390935,-0.3401706685,-1.9905067937
60.6796244997,16.9481050043,-0.3599605211,-1.9667518615
60.8492170745,16.9703780114,-0.3794915584,-1.9387530488
61.0190314260,16.9924608611,-0.3987216362,-1.9065707718
61.1890656683,17.0143567098,-0.4176092595,-1.8702744737
61.3593179487,17.0360691175,-0.4361136723,-1.8299424751
61.5297864523,17.0576020402,-0.4541949458,-1.7856618049
61.7004694057,17.0789598210,-0.4718140638,-1.7375280125
61.8713650806,17.1001471810,-0.4889330076,-1.6856449614
62.0424717982,17.1211692089,-0.5055148378,-1.6301246057
62.2137879318,17.1420313503,-0.5215237739,-1.5710867478
62.3853119115,17.1627393959,-0.5369252716,-1.5086587801
62.5570422265,17.1832994686,-0.5516860973,-1.4429754107
62.7289774290,17.2037180109,-0.5657744001,-1.3741783718
62.9011161374,17.2240017705,-0.5791597800,-1.3024161145
63.0734570386,17.2441577861,-0.5918133538,-1.2278434882
63.2459988916,17.2641933720,-0.6037078176,-1.1506214066
63.4187405298,17.2841161021,-0.6148175053,-1.0709165006
63.5916808635,17.3039337943,-0.6251184443,-0.9889007581
63.7648188824,17.3236544927,-0.6345884071,-0.9047511539
63.9381536576,17.3432864510,-0.6432069593,-0.8186492669
64.1116843437,17.3628381142,-0.6509555037,-0.7307808888
64.2854101809,17.3823181008,-0.6578173204,-0.6413356230
64.4593304961,17.4017351836,-0.6637776029,-0.5505064756
64.6334447046,17.4210982715,-0.6688234900,-0.4584894388
64.8077523116,17.4404163896,-0.6729440936,-0.3654830680
64.9822529129,17.4596986603,-0.6761305223,-0.2716880535
65.1569461959,17.4789542832,-0.6783759004,-0.1773067873
65.3318319406,17.4981925154,-0.6796753827,-0.0825429264
65.5069100193,17.5174226516,-0.6800261652,0.0123990466
65.6821803977,17.5366540039,-0.6794274909,0.1073142648
65.8576431344,17.5558958819,-0.6778806518,0.2019979190
66.0332983813,17.5751575723,-0.6753889856,0.2962456997
66.2091463827,17.5944483192,-0.6719578688,0.3898542379
66.3851874752,17.6137773039,-0.6675947051,0.4826215440
66.5614220866,17.6331536252,-0.6623089095,0.5743474436
66.7378507355,17.6525862800,-0.6561118877,0.6648340094
66.9144740296,17.6720841432,-0.6490170116,0.7538859885
67.0912926648,17.6916559493,-0.6410395908,0.8413112235
67.2683074237,17.7113102732,-0.6321968389,0.9269210672
67.4455191734,17.7310555117,-0.6225078370,1.0105307896
67.6229288643,17.7508998655,-0.6119934921,1.0919599766
67.8005375277,17.7708513212,-0.6006764922,1.1710329194
67.9783462736,17.7909176346,-0.5885812572,1.2475789935
68.1563562883,17.8111063136,-0.5757338864,1.3214330268
68.3345688319,17.8314246018,-0.5621621020,1.3924356562
68.5129852356,17.8518794633,-0.5478951894,1.4604336715
68.6916068987,17.8724775677,-0.5329639338,1.5252803456
68.8704352857,17.8932252751,-0.5174005541,1.5868357516
69.0494719231,17.9141286231,-0.5012386332,1.6449670647
69.2287183960,17.9351933134,-0.4845130455,1.6995488483
69.4081763450,17.9564246994,-0.4672598815,1.7504633252
69.5878474623,17.9778277750,-0.4495163704,1.7976006315
69.7677334883,17.9994071635,-0.4313207994,1.8408590538
69.9478362075,18.0211671078,-0.4127124311,1.8801452487
70.1281574452,18.0431114612,-0.3937314188,1.9153744437
70.3086990630,18.0652436791,-0.3744187199,1.9464706211
70.4894629552,18.0875668113,-0.3548160077,1.9733666810
70.6704510444,18.1100834960,-0.3349655812,1.9960045869
70.8516652777,18.1327959536,-0.3149102737,2.0143354904
71.0331076221,18.1557059819,-0.2946933609,2.0283198368
71.2147800606,18.1788149526,-0.2743584671,2.0379274506
71.3966845875,18.2021238081,-0.2539494712,2.0431376003
71.5788232048,18.2256330593,-0.2335104119,2.0439390435
71.7611979170,18.2493427848,-0.2130853928,2.0403300507
71.9438107276,18.2732526308,-0.1927184874,2.0323184095
72.1266636341,18.2973618113,-0.1724536436,2.0199214075
72.3097586242,18.3216691105,-0.1523345890,2.0031657951
72.4930976713,18.3461728849,-0.1324047369,1.9820877278
72.6766827300,18.3708710671,-0.1127070920,1.9567326880
72.8605157324,18.3957611703,-0.0932841583,1.9271553872
73.0445985835,18.4208402935,-0.0741778468,1.8934196477
73.2289331574,18.4461051277,-0.0554293852,1.8555982647
73.4135212928,18.4715519634,-0.0370792292,1.8137728497
73.5983647897,18.4971766981,-0.0191669750,1.7680336542
73.7834654048,18.5229748458,-0.0017312740,1.7184793746
73.9688248485,18.5489415460,0.0151902510,1.6652169398
74.1544447802,18.5750715746,0.0315610865,1.6083612802
74.3403268058,18.6013593551,0.0473459073,1.5480350794
74.5264724735,18.6277989705,0.0625106528,1.4843685102
74.7128832706,18.6543841763,0.0770226002,1.4174989530
74.8995606205,18.6811084137,0.0908504354,1.3475706998
75.0865058795,18.7079648240,0.1039643208,1.2747346424
75.2737203338,18.7349462633,0.1163359588,1.1991479475
75.4612051968,18.7620453178,0.1279386540,1.1209737170
75.6489616066,18.7892543201,0.1387473698,1.0403806360
75.8369906234,18.8165653654,0.1487387830,0.9575426093
76.0252932270,18.8439703287,0.1578913341,0.8726383858
76.2138703153,18.8714608825,0.1661852736,0.7858511729
76.4027227016,18.8990285144,0.1736027048,0.6973682410
76.5918511136,18.9266645458,0.1801276221,0.6073805196
76.7812561911,18.9543601505,0.1857459462,0.5160821852
76.9709384853,18.9821063738,0.1904455535,0.4236702427
77.1608984571,19.0098941516,0.1942163035,0.3303440994
77.3511364764,19.0377143304,0.1970500593,0.2363051357
77.5416528210,19.0655576866,0.1989407064,0.1417562700
77.7324476764,19.0934149465,0.1998841650,0.0469015209
77.9235211353,19.1212768067,0.1998783994,-0.0480544328
78.1148731969,19.1491339535,0.1989234220,-0.1429066941
78.3065037676,19.1769770838,0.1970212935,-0.2374505896
78.4984126609,19.2047969243,0.1941761183,-0.3314821115
78.6905995977,19.2325842523,0.1903940357,-0.4247983573
78.8830642071,19.2603299150,0.1856832068,-0.5171979681
79.0758060269,19.2880248498,0.1800537966,-0.6084815631
79.2688245051,19.3156601032,0.1735179525,-0.6984521693
79.4621190006,19.3432268508,0.1660897774,-0.7869156471
79.6556887848,19.3707164159,0.1577853000,-0.8736811090
79.8495330433,19.3981202882,0.1486224398,-0.9585613314
80.0436508772,19.4254301427,0.1386209685,-1.0413731588
80.2380413056,19.4526378567,0.1278024674,-1.1219378988
80.4327032675,19.4797355285,0.1161902809,-1.2000817079
80.6276356238,19.5067154934,0.1038094657,-1.2756359665
80.8228371603,19.5335703409,0.0906867375,-1.3484376426
81.0183065897,19.5602929305,0.0768504125,-1.4183296439
81.2140425551,19.5868764070,0.0623303470,-1.4851611567
81.4100436323,19.6133142154,0.0471578725,-1.5487879711
81.6063083330,19.6396001150,0.0313657283,-1.6090727925
81.8028351085,19.6657281929,0.0149879910,-1.6658855374
81.9996223522,19.6916928768,-0.0019399993,-1.7191036148
82.1966684039,19.7174889471,-0.0193817154,-1.7686121899
82.3939715529,19.7431115476,-0.0372995211,-1.8143044327
82.5915300416,19.7685561969,-0.0556547533,-1.8560817478
82.7893420699,19.7938187974,-0.0744078049,-1.8938539877
82.9874057984,19.8188956441,-0.0935182102,-1.9275396470
83.1857193526,19.8437834333,-0.1129447326,-1.9570660383
83.3842808271,19.8684792687,-0.1326454533,-1.9823694493
83.5830882898,19.8929806687,-0.1525778619,-2.0033952800
83.7821397855,19.9172855710,-0.1726989480,-2.0200981605
83.9814333407,19.9413923373,-0.1929652941,-2.0324420492
84.1809669677,19.9652997569,-0.2133331692,-2.0404003103
84.3807386687,19.9890070492,-0.2337586233,-2.0439557714
84.5807464404,20.0125138655,-0.2541975820,-2.0431007605
84.7809882780,20.0358202897,-0.2746059420,-2.0378371225
84.9814621799,20.0589268380,-0.2949396658,-2.0281762153
85.1821661516,20.0818344579,-0.3151548772,-2.0141388854
85.3830982105,20.1045445264,-0.3352079554,-1.9957554227
85.5842563896,20.1270588465,-0.3550556297,-1.9730654953
85.7856387423,20.1493796437,-0.3746550726,-1.9461180637
85.9872433462,20.1715095610,-0.3939639921,-1.9149712754
86.1890683074,20.1934516535,-0.4129407233,-1.8796923394
86.3911117646,20.2152093813,-0.4315443179,-1.8403573809
86.5933718933,20.2367866024,-0.4497346328,-1.7970512774
86.7958469091,20.2581875646,-0.4674724168,-1.7498674754
86.9985350724,20.2794168956,-0.4847193951,-1.6989077885
87.2014346915,20.3004795938,-0.5014383520,-1.6442821782
87.4045441267,20.3213810169,-0.5175932110,-1.5861085162
87.6078617933,20.3421268707,-0.5331491131,-1.5245123305
87.8113861656,20.3627231967,-0.5480724915,-1.4596265340
88.0151157800,20.3831763592,-0.5623311443,-1.3915911380
88.2190492378,20.4034930311,-0.5758943042,-1.3205529502
88.4231852088,20.4236801800,-0.5887327043,-1.2466652575
88.6275224338,20.4437450531,-0.6008186418,-1.1700874957
88.8320597273,20.4636951612,-0.6121260375,-1.0909849052
89.0367959803,20.4835382630,-0.6226304922,-1.0095281745
89.2417301625,20.5032823479,-0.6323093392,-0.9258930719
89.4468613245,20.5229356190,-0.6411416935,-0.8402600663
89.6521886001,20.5425064754,-0.6491084964,-0.7528139375
89.8577112079,20.5620034940,-0.6561925571,-0.6637433779
90.0634284530,20.5814354111,-0.6623785895,-0.5732405849
90.2693397287,20.6008111034,-0.6676532453,-0.4815008466
90.4754445176,20.6201395690,-0.6720051429,-0.3887221200
90.6817423930,20.6394299078,-0.6754248916,-0.2951046042
90.8882330193,20.6586913021,-0.6779051122,-0.2008503083
91.0949161533,20.6779329965,-0.6794404530,-0.1061626151
91.3017916445,20.6971642782,-0.6800276009,-0.0112458430
91.5088594352,20.7163944569,-0.6796652889,0.0836951956
91.7161195610,20.7356328446,-0.6783542990,0.1784556356
91.9235721505,20.7548887356,-0.6760974599,0.2728310020
92.1312174249,20.7741713866,-0.6728996415,0.3666176504
92.3390556981,20.7934899963,-0.6687677440,0.4596132068
92.5470873751,20.8128536859,-0.6637106834,0.5516170045
92.7553129521,20.8322714795,-0.6577393719,0.6424305164
92.9637330148,20.8517522841,-0.6508666943,0.7318577841
93.1723482371,20.8713048711,-0.6431074806,0.8197058404
93.3811593802,20.8909378567,-0.6344784738,0.9057851257
93.5901672904,20.9106596839,-0.6249982936,0.9899098971
93.7993728975,20.9304786038,-0.6146873965,1.0718986291
94.0087772130,20.9504026580,-0.6035680314,1.1515744056
94.2183813272,20.9704396614,-0.5916641919,1.2287653011
94.4281864079,20.9905971849,-0.5790015642,1.3033047523
94.6381936971,21.0108825397,-0.5656074718,1.3750319170
94.8484045083,21.0313027609,-0.5515108168,1.4437920215
95.0588202244,21.0518645925,-0.5367420169,1.5094366945
95.2694422937,21.0725744733,-0.5213329406,1.5718242870
95.4802722278,21.0934385223,-0.5053168377,1.6308201784
95.6913115974,21.1144625260,-0.4887282679,1.6862970666
95.9025620296,21.1356519257,-0.4716030262,1.7381352431
96.1140252042,21.1570118058,-0.4539780658,1.7862228506
96.3257028498,21.1785468828,-0.4358914179,1.8304561253
96.5375967403,21.2002614953,-0.4173821102,1.8707396200
96.7497086914,21.2221595944,-0.3984900822,1.9069864105
96.9620405558,21.2442447351,-0.3792560993,1.9391182831
97.1745942201,21.2665200692,-0.3597216650,1.9670659033
97.3873716003,21.2889883377,-0.3399289308,1.9907689653
97.6003746377,21.3116518656,-0.3199206058,2.0101763223
97.8136052949,21.3345125563,-0.2997398640,2.0252460971
98.0270655511,21.3575718878,-0.2794302519,2.0359457717
98.2407573983,21.3808309098,-0.2590355936,2.0422522584
98.4546828370,21.4042902407,-0.2385998971,2.0441519489
98.6688438715,21.4279500668,-0.2181672587,2.0416407441
98.8832425059,21.4518101418,-0.1977817682,2.0347240626
99.0978807396,21.4758697874,-0.1774874136,2.0234168294
99.3127605632,21.5001278945,-0.1573279865,2.0077434433
99.5278839540,21.5245829258,-0.1373469869,1.9877377245
99.7432528716,21.5492329191,-0.1175875302,1.9634428417
99.9588692543,21.5740754915,-0.0980922536,1.9349112187
100.1747350141,21.5991078445,-0.0789032241,1.9022044212
100.3908520332,21.6243267703,-0.0600618481,1.8653930244
100.6072221594,21.6497286581,-0.0416087818,1.8245564604
100.8238472029,21.6753095028,-0.0235838434,1.7797828468
101.0407289314,21.7010649128,-0.0060259272,1.7311687966
101.2578690672,21.7269901199,0.0110270799,1.6788192099
101.4752692827,21.7530799896,0.0275383808,1.6228470471
101.6929311976,21.7793290319,0.0434723473,1.5633730857
101.9108563745,21.8057314135,0.0587945968,1.5005256592
102.1290463165,21.8322809703,0.0734720669,1.4344403807
102.3475024630,21.8589712203,0.0874730862,1.3652598497
102.5662261873,21.8857953782,0.1007674433,1.2931333448
102.7852187933,21.9127463697,0.1133264513,1.2182165014
103.0044815130,21.9398168468,0.1251230104,1.1406709760
103.2240155032,21.9669992035,0.1361316657,1.0606640972
103.4438218438,21.9942855927,0.1463286627,0.9783685048
103.6639015350,22.0216679426,0.1556919982,0.8939617772
103.8842554950,22.0491379743,0.1642014678,0.8076260483
104.1048845585,22.0766872199,0.1718387097,0.7195476143
104.3257894747,22.1043070405,0.1785872442,0.6299165319
104.5469709053,22.1319886447,0.1844325092,0.5389262081
104.7684294238,22.1597231081,0.1893618918,0.4467729830
104.9901655135,22.1875013921,0.1933647552,0.3536557058
105.2121795672,22.2153143634,0.1964324620,0.2597753062
105.4344718857,22.2431528141,0.1985583927,0.1653343603
105.6570426776,22.2710074812,0.1997379599,0.0705366539
105.8798920584,22.2988690667,0.1999686184,-0.0244132572
106.1030200509,22.3267282577,0.1992498704,-0.1193104892
106.3264265846,22.3545757464,0.1975832668,-0.2139502716
106.5501114959,22.3824022504,0.1949724039,-0.3081283895
106.7740745288,22.4101985324,0.1914229154,-0.4016416243
106.9983153352,22.4379554205,0.1869424605,-0.4942881921
107.2228334756,22.4656638276,0.1815407071,-0.5858681789
107.4476284202,22.4933147713,0.1752293112,-0.6761839724
107.6726995500,22.5208993934,0.1680218916,-0.7650406882
107.8980461579,22.5484089785,0.1599340006,-0.8522465900
108.1236674509,22.5758349732,0.1509830902,-0.9376135040
108.3495625508,22.6031690045,0.1411884750,-1.0209572245
108.5757304972,22.6304028980,0.1305712897,-1.1020979113
108.8021702485,22.6575286951,0.1191544444,-1.1808604782
109.0288806850,22.6845386707,0.1069625743,-1.2570749703
109.2558606109,22.7114253493,0.0940219874,-1.3305769311
109.4831087569,22.7381815219,0.0803606069,-1.4012077573
109.7106237831,22.7648002606,0.0660079114,-1.4688150406
109.9384042819,22.7912749346,0.0509948716,-1.5332528975
110.1664487805,22.8175992234,0.0353538825,-1.5943822830
110.3947557450,22.8437671315,0.0191186946,-1.6520712915
110.6233235830,22.8697730006,0.0023243404,-1.7061954410
110.8521506472,22.8956115219,-0.0149929411,-1.7566379416
111.0812352391,22.9212777481,-0.0327957825,-1.8032899481
111.3105756125,22.9467671034,-0.0510457686,-1.8460507941
111.5401699775,22.9720753936,-0.0697035194,-1.8848282097
111.7700165041,22.9971988155,-0.0887287748,-1.9195385207
112.0001133262,23.0221339644,-0.1080804821,-1.9501068286
112.2304585458,23.0468778423,-0.1277168838,-1.9764671729
112.4610502368,23.0714278637,-0.1475956084,-1.9985626729
112.6918864496,23.0957818613,-0.1676737612,-2.0163456505
112.9229652148,23.1199380910,-0.1879080174,-2.0297777336
113.1542845478,23.1438952352,-0.2082547152,-2.0388299382
113.3858424529,23.1676524063,-0.2286699504,-2.0434827313
113.6176369277,23.1912091477,-0.2491096706,-2.0437260732
113.8496659676,23.2145654357,-0.2695297709,-2.0395594386
114.0819275696,23.2377216788,-0.2898861884,-2.0309918184
114.3144197371,23.2606787175,-0.3101349979,-2.0180417000
114.5471404841,23.2834378219,-0.3302325062,-2.0007370273
114.7800878394,23.3060006893,-0.3501353467,-1.9791151404
115.0132598508,23.3283694404,-0.3698005727,-1.9532226954
115.2466545895,23.3505466148,-0.3891857506,-1.9231155632
115.4802701543,23.3725351656,-0.4082490506,-1.8888587095
115.7141046753,23.3943384526,-0.4269493378,-1.8505260540
115.9481563183,23.4159602356,-0.4452462604,-1.8082003114
116.1824232888,23.4374046661,-0.4631003372,-1.7619728126
116.4169038355,23.4586762782,-0.4804730424,-1.7119433081
116.6515962546,23.4797799788,-0.4973268890,-1.6582197519
116.8864988929,23.5007210373,-0.5136255095,-1.6009180695
117.1216101519,23.5215050740,-0.5293337346,-1.5401619070
117.3569284908,23.5421380479,-0.5444176689,-1.4760823649
117.5924524302,23.5626262443,-0.5588447641,-1.4088177147
117.8281805551,23.5829762605,-0.5725838893,-1.3385131009
118.0641115178,23.6031949921,-0.5856053979,-1.2653202277
118.3002440412,23.6232896182,-0.5978811921,-1.1893970314
118.5365769212,23.6432675854,-0.6093847830,-1.1109073402
118.7731090297,23.6631365921,-0.6200913479,-1.0300205198
119.0098393163,23.6829045721,-0.6299777842,-0.9469111090
119.2467668115,23.7025796768,-0.6390227587,-0.8617584421
119.4838906281,23.7221702581,-0.6472067542,-0.7747462626
119.7212099633,23.7416848506,-0.6545121111,-0.6860623264
119.9587241008,23.7611321524,-0.6609230657,-0.5958979968
120.1964324116,23.7805210071,-0.6664257846,-0.5044478314
120.4343343560,23.7998603844,-0.6710083938,-0.4119091625
120.6724294846,23.8191593607,-0.6746610049,-0.3184816711
120.9107174391,23.8384270995,-0.6773757363,-0.2243669562
121.1491979532,23.8576728320,-0.6791467301,-0.1297680996
121.3878708533,23.8769058364,-0.6799701648,-0.0348892279
121.6267360585,23.8961354188,-0.6798442637,0.0600649283
121.8657935813,23.9153708926,-0.6787692983,0.1548894756
122.1050435270,23.9346215582,-0.6767475883,0.2493798006
122.3444860940,23.9538966837,-0.6737834961,0.3433320108
122.5841215729,23.9732054839,-0.6698834178,0.4365433752
122.8239503464,23.9925571013,-0.6650557688,0.5288127611
123.0639728879,24.0119605860,-0.6593109664,0.6199410686
123.3041897608,24.0314248759,-0.6526614068,0.7097316598
123.5446016174,24.0509587780,-0.6451214385,0.7979907837
123.7852091973,24.0705709489,-0.6367073313,0.8845279935
124.0260133256,24.0902698764,-0.6274372412,0.9691565584
124.2670149117,24.1100638610,-0.6173311714,1.0516938657
124.5082149467,24.1299609983,-0.6064109290,1.1319618155
124.7496145018,24.1499691610,-0.5947000776,1.2097872047
124.9912147255,24.1700959826,-0.5822238871,1.2850021006
125.2330168416,24.1903488401,-0.5690092789,1.3574442038
125.4750221461,24.2107348390,-0.5550847675,1.4269571977
125.7172320049,24.2312607972,-0.5404803994,1.4933910865
125.9596478504,24.2519332308,-0.5252276880,1.5566025182
126.2022711785,24.2727583396,-0.5093595460,1.6164550946
126.4451035457,24.2937419941,-0.4929102137,1.6728196649
126.6881465653,24.3148897227,-0.4759151856,1.7255746051
126.9314019043,24.3362066997,-0.4584111340,1.7746060799
127.1748712796,24.3576977343,-0.4404358292,1.8198082887
127.4185564540,24.3793672600,-0.4220280585,1.8610836935
127.6624592333,24.4012193251,-0.4032275425,1.8983432298
127.9065814612,24.4232575843,-0.3840748491,1.9315064985
128.1509250165,24.4454852901,-0.3646113063,1.9605019396
128.3954918080,24.4679052866,-0.3448789127,1.9852669864
128.6402837713,24.4905200028,-0.3249202470,2.0057482004
128.8853028639,24.5133314474,-0.3047783765,2.0219013871
129.1305510614,24.5363412050,-0.2844967633,2.0336916911
129.3760303530,24.5595504318,-0.2641191714,2.0410936709
129.6217427374,24.5829598539,-0.2436895719,2.0440913546
129.8676902184,24.6065697652,-0.2232520479,2.0426782737
130.1138748006,24.6303800273,-0.2028506999,2.0368574774
130.3602984849,24.6543900692,-0.1825295500,2.0266415257
130.6069632646,24.6785988889,-0.1623324474,2.0120524630
130.8538711206,24.7030050554,-0.1423029739,1.9931217695
131.1010240174,24.7276067119,-0.1224843490,1.9698902943
131.3484238989,24.7524015800,-0.1029193378,1.9424081663
131.5960726841,24.7773869641,-0.0836501579,1.9107346870
131.8439722629,24.8025597575,-0.0647183884,1.8749382016
132.0921244923,24.8279164492,-0.0461648807,1.8350959523
132.3405311919,24.8534531315,-0.0280296696,1.7912939112
132.5891941406,24.8791655082,-0.0103518876,1.7436265948
132.8381150722,24.9050489038,0.0068303200,1.6921968603
133.0872956719,24.9310982741,0.0234798772,1.6371156832
133.3367375729,24.9573082166,0.0395608575,1.5785019185
133.5864423524,24.9836729822,0.0550385611,1.5164820436
133.8364115284,25.0101864880,0.0698795900,1.4511898858
134.0866465566,25.0368423300,0.0840519200,1.3827663331
134.3371488271,25.0636337969,0.0975249701,1.3113590309
134.5879196613,25.0905538849,0.1102696678,1.2371220626
134.8389603093,25.1175953129,0.1222585124,1.1602156176
135.0902719469,25.1447505375,0.1334656344,1.0808056455
135.3418556735,25.1720117701,0.1438668509,0.9990634982
135.5937125090,25.1993709932,0.1534397179,0.9151655598
135.8458433925,25.2268199779,0.1621635791,0.8292928664
136.0982491797,25.2543503015,0.1700196099,0.7416307149
136.3509306411,25.2819533661,0.1769908587,0.6523682638
136.6038884603,25.3096204165,0.1830622826,0.5616981248
136.8571232330,25.3373425596,0.1882207807,0.4698159468
137.1106354651,25.3651107833,0.1924552220,0.3769199945
137.3644255720,25.3929159762,0.1957564693,0.2832107197
137.6184938773,25.4207489471,0.1981173992,0.1888903294
137.8728406127,25.4486004448,0.1995329172,0.0941623494
138.1274659170,25.4764611782,0.1999999689,-0.0007688153
138.3823698360,25.5043218362,0.1995175464,-0.0956983210
138.6375523224,25.5321731078,0.1980866908,-0.1904213278
138.8930132359,25.5600057025,0.1957104896,-0.2847334411
139.1487523433,25.5878103699,0.1923940702,-0.3784311533
139.4047693195,25.6155779198,0.1881445887,-0.4713122822
139.6610637476,25.6432992423,0.1829712148,-0.5631764078
139.9176351202,25.6709653272,0.1768851116,-0.6538253048
140.1744828404,25.6985672833,0.1698994118,-0.7430633697
140.4316062229,25.7260963580,0.1620291892,-0.8306980436
140.6890044959,25.7535439559,0.1532914263,-0.9165402275
140.9466768024,25.7809016573,0.1437049775,-1.0004046900
141.2046222020,25.8081612367,0.1332905287,-1.0821104673
141.4628396733,25.8353146802,0.1220705521,-1.1614812538
141.7213281158,25.8623542028,0.1100692584,-1.2383457823
141.9800863525,25.8892722656,0.0973125441,-1.3125381936
142.2391131320,25.9160615915,0.0838279359,-1.3838983943
142.4984071318,25.9427151814,0.0696445309,-1.4522724027
142.7579669608,25.9692263290,0.0547929343,-1.5175126804
143.0177911622,25.9955886354,0.0393051931,-1.5794784513
143.2778782171,26.0217960228,0.0232147269,-1.6380360047
143.5382265471,26.0478427478,0.0065562558,-1.6930589847
143.7988345184,26.0737234136,-0.0106342743,-1.7444286618
144.0597004450,26.0994329817,-0.0283197694,-1.7920341901
144.3208225921,26.1249667828,-0.0464620676,-1.8357728457
144.5821991804,26.1503205270,-0.0650220212,-1.8755502489
144.8438283894,26.1754903128,-0.0839595813,-1.9112805674
145.1057083618,26.2004726358,-0.1032338843,-1.9428867021
145.3678372069,26.2252643958,-0.1228033397,-1.9703004528
145.6302130055,26.2498629041,-0.1426257205,-1.9934626657
145.8928338132,26.2742658889,-0.1626582536,-2.0123233612
146.1556976653,26.2984715002,-0.1828577126,-2.0268418415
146.4188025805,26.3224783141,-0.2031805109,-2.0369867784
146.6821465655,26.3462853356,-0.2235827957,-2.0427362810
146.9457276193,26.3698920007,-0.2440205427,-2.0440779431
147.2095437372,26.3932981778,-0.2644496510,-2.0410088694
147.4735929155,26.4165041679,-0.2848260386,-2.0335356826
147.7378731557,26.4395107041,-0.3051057370,-2.0216745083
148.0023824686,26.4623189496,-0.3252449864,-2.0054509408
148.2671188790,26.4849304958,-0.3452003302,-1.9848999874
148.5320804295,26.5073473583,-0.3649287084,-1.9600659933
148.7972651852,26.5295719729,-0.3843875509,-1.9310025455
149.0626712376,26.5516071903,-0.4035348691,-1.8977723574
149.3282967085,26.5734562696,-0.4223293469,-1.8604471337
149.5941397547,26.5951228720,-0.4407304292,-1.8191074150
149.8601985712,26.6166110519,-0.4586984100,-1.7738424047
150.1264713957,26.6379252492,-0.4761945176,-1.7247497762
150.3929565123,26.6590702790,-0.4931809990,-1.6719354622
150.6596522547,26.6800513215,-0.5096212003,-1.6155134259
150.9265570105,26.7008739105,-0.5254796467,-1.5556054156
151.1936692242,26.7215439221,-0.5407221188,-1.4923407015
151.4609874010,26.7420675615,-0.5553157260,-1.4258557969
151.7285101093,26.7624513495,-0.5692289782,-1.3562941637
151.9962359845,26.7827021090,-0.5824318532,-1.2838059029
152.2641637317,26.8028269497,-0.5948958616,-1.2085474304
152.5322921283,26.8228332533,-0.6065941084,-1.1306811400
152.8006200271,26.8427286571,-0.6175013511,-1.0503750523
153.0691463580,26.8625210375,-0.6275940539,-0.9678024529
153.3378701314,26.8822184936,-0.6368504386,-0.8831415179
153.6067904392,26.9018293292,-0.6452505316,-0.7965749296
153.8759064575,26.9213620347,-0.6527762072,-0.7082894824
154.1452174483,26.9408252696,-0.6594112264,-0.6184756798
154.4147227607,26.9602278429,-0.6651412720,-0.5273273231
154.6844218327,26.9795786947,-0.6699539797,-0.4350410932
154.9543141923,26.9988868767,-0.6738389645,-0.3418161264
155.2243994585,27.0181615325,-0.6767878434,-0.2478535847
155.4946773419,27.0374118782,-0.6787942533,-0.1533562217
155.7651476459,27.0566471824,-0.6798538647,-0.0585279447
156.0358102665,27.0758767461,-0.6799643912,0.0364266245
156.3066651927,27.0951098825,-0.6791255943,0.1313025919
156.5777125070,27.1143558975,-0.6773392839,0.2258952331
156.8489523845,27.1336240687,-0.6746093145,0.3200004348
157.1203850930,27.1529236264,-0.6709415770,0.4134151358
157.3920109923,27.1722637328,-0.6663439856,0.5059377647
157.6638305331,27.1916534628,-0.6608264610,0.5973686750
157.9358442568,27.2111017841,-0.6544009091,0.6875105762
158.2080527936,27.2306175380,-0.6470811949,0.7761689589
158.4804568614,27.2502094204,-0.6388831131,0.8631525149
158.7530572642,27.2698859629,-0.6298243535,0.9482735503
159.0258548907,27.2896555143,-0.6199244632,1.0313483897
159.2988507117,27.3095262227,-0.6092048044,1.1121977733
159.5720457788,27.3295060182,-0.5976885080,1.1906472433
159.8454412214,27.3496025951,-0.5854004241,1.2665275206
160.1190382448,27.3698233960,-0.5723670680,1.3396748697
160.3928381273,27.3901755954,-0.5586165633,1.4099314525
160.6668422177,27.4106660842,-0.5441785810,1.4771456685
160.9410519320,27.4313014550,-0.5290842754,1.5411724820
161.2154687507,27.4520879875,-0.5133662173,1.6018737352
161.4900942155,27.4730316356,-0.4970583233,1.6591184462
161.7649299259,27.4941380140,-0.4801957828,1.7127830918
162.0399775358,27.5154123862,-0.4628149819,1.7627518737
162.3152387500,27.5368596532,-0.4449534252,1.8089169686
162.5907153203,27.5584843431,-0.4266496545,1.8511787610
162.8664090421,27.5802906009,-0.4079431659,1.8894460580
163.1423217501,27.6022821801,-0.3888743245,1.9236362857
163.4184553147,27.6244624341,-0.3694842773,1.9536756683
163.6948116376,27.6468343091,-0.3498148644,1.9794993863
163.9713926481,27.6694003382,-0.3299085286,2.0010517170
164.2482002986,27.6921626351,-0.3098082241,2.0182861545
164.5252365607,27.7151228903,-0.2895573235,2.0311655102
164.8025034205,27.7382823669,-0.2691995245,2.0396619929
165.0800028749,27.7616418985,-0.2487787554,2.0437572687
165.3577369267,27.7852018865,-0.2283390803,2.0434425007
165.6357075808,27.8089623003,-0.2079246043,2.0387183683
165.9139168393,27.8329226763,-0.1875793779,2.0295950652
166.1923666979,27.8570821198,-0.1673473023,2.0160922777
166.4710591409,27.8814393064,-0.1472720346,1.9982391424
166.7499961374,27.9059924850,-0.1273968933,1.9760741830
167.0291796367,27.9307394816,-0.1077647652,1.9496452271
167.3086115645,27.9556777040,-0.0884180130,1.9190093037
167.5882938183,27.9808041474,-0.0693983830,1.8842325192
167.8682282635,28.0061154007,-0.0507469163,1.8453899154
168.1484167297,28.0316076542,-0.0325038590,1.8025653073
168.4288610060,28.0572767076,-0.0147085764,1.7558511024
168.7095628379,28.0831179790,0.0026005328,1.7053481012
168.9905239232,28.1091265150,0.0193861187,1.6511652795
169.2717459081,28.1352970012,0.0356119612,1.5934195538
169.5532303842,28.1616237736,0.0512430479,1.5322355285
169.8349788845,28.1881008314,0.0662456500,1.4677452271
170.1169928807,28.2147218491,0.0805873947,1.4000878077
170.3992737793,28.2414801907,0.0942373350,1.3294092621
170.6818229192,28.2683689239,0.1071660172,1.2558621015
170.9646415684,28.2953808350,0.1193455434,1.1796050267
171.2477309216,28.3225084446,0.1307496325,1.1008025862
171.5310920972,28.3497440234,0.1413536768,1.0196248208
171.8147261354,28.3770796095,0.1511347946,0.9362468968
172.0986339955,28.4045070249,0.1600718801,0.8508487282
172.3828165541,28.4320178935,0.1681456488,0.7636145881
172.6672746031,28.4596036592,0.1753386790,0.6747327113
172.9520088479,28.4872556043,0.1816354495,0.5843948883
173.2370199062,28.5149648683,0.1870223731,0.4927960511
173.5223083064,28.5427224668,0.1914878257,0.4001338527
173.8078744864,28.5705193115,0.1950221719,0.3066082407
174.0937187929,28.5983462289,0.1976177850,0.2124210258
174.3798414804,28.6261939812,0.1992690644,0.1177754463
174.6662427110,28.6540532851,0.1999724468,0.0228757295
174.9529225536,28.6819148327,0.1997264144,-0.0720733488
175.2398809841,28.7097693112,0.1985314983,-0.1668669063
175.5271178853,28.7376074230,0.1963902766,-0.2613003965
175.8146330471,28.7654199059,0.1933073699,-0.3551700495
176.1024261673,28.7931975528,0.1892894305,-0.4482733124
176.3904968516,28.8209312320,0.1843451282,-0.5404092859
176.6788446152,28.8486119067,0.1784851320,-0.6313791577
176.9674688833,28.8762306541,0.1717220867,-0.7209866322
177.2563689926,28.9037786855,0.1640705856,-0.8090383531
177.5455441925,28.9312473645,0.1555471392,-0.8953443214
177.8349936471,28.9586282260,0.1461701396,-0.9797183051
178.1247164367,28.9859129944,0.1359598205,-1.0619782410
178.4147115598,29.0130936015,0.1249382138,-1.1419466277
178.7049779353,29.0401622038,0.1131291022,-1.2194509084
178.9955144051,29.0671111995,0.1005579674,-1.2943238434
179.2863197361,29.0939332448,0.0872519357,-1.3664038711
179.5773926233,29.1206212700,0.0732397188,-1.4355354562
179.8687316922,29.1471684946,0.0585515527,-1.5015694259
180.1603355022,29.1735684416,0.0432191315,-1.5643632913
180.4522025495,29.1998149522,0.0272755397,-1.6237815550
180.7443312703,29.2259021985,0.0107551806,-1.6796960035
181.0367200443,29.2518246962,-0.0063062980,-1.7319859841
181.3293671979,29.2775773167,-0.0238720805,-1.7805386648
181.6222710084,29.3031552977,-0.0419042635,-1.8252492779
181.9154297071,29.3285542540,-0.0603639367,-1.8660213465
182.2088414834,29.3537701865,-0.0792112677,-1.9027668921
182.5025044887,29.3787994912,-0.0984055875,-1.9354066247
182.7964168404,29.4036389666,-0.1179054784,-1.9638701139
183.0905766259,29.4282858209,-0.1376688632,-1.9880959408
183.3849819068,29.4527376782,-0.1576530964,-2.0080318307
183.6796307229,29.4769925829,-0.1778150556,-2.0236347657
183.9745210968,29.5010490048,-0.1981112352,-2.0348710775
184.2696510377,29.5249058418,-0.2184978399,-2.0417165204
184.5650185460,29.5485624223,-0.2389308791,-2.0441563231
184.8606216178,29.5720185072,-0.2593662623,-2.0421852210
185.1564582485,29.5952742897,-0.2797598936,-2.0358074674
185.4525264379,29.6183303955,-0.3000677676,-2.0250368243
185.7488241943,29.6411878809,-0.3202460636,-2.0098965327
186.0453495384,29.6638482308,-0.3402512406,-1.9904192624
186.3421005081,29.6863133558,-0.3600401313,-1.9666470418
186.6390751625,29.7085855874,-0.3795700349,-1.9386311669
186.9362715860,29.7306676734,-0.3987988096,-1.9064320907
187.2336878926,29.7525627721,-0.4176849633,-1.8701192926
187.5313222299,29.7742744451,-0.4361877433,-1.8297711289
187.8291727832,29.7958066499,-0.4542672240,-1.7854746634
188.1272377792,29.8171637310,-0.4718843932,-1.7373254794
188.4255154898,29.8383504112,-0.4890012366,-1.6854274738
188.7240042363,29.8593717807,-0.5055808190,-1.6298926329
189.0227023925,29.8802332865,-0.5215873650,-1.5708407902
189.3216083884,29.9009407205,-0.5369863354,-1.5083993687
189.6207207137,29.9215002071,-0.5517445022,-1.4427031050
189.9200379209,29.9419181900,-0.5658300199,-1.3738937595
190.2195586283,29.9622014182,-0.5792124946,-1.3021198097
190.5192815235,29.9823569314,-0.5918630496,-1.2275361304
190.8192053656,30.0023920449,-0.6037543873,-1.1503036589
191.1193289883,30.0223143340,-0.6148608484,-1.0705890486
191.4196513022,30.0421316171,-0.6251584673,-0.9885643085
191.7201712974,30.0618519396,-0.6346250236,-0.9044064327
192.0208880453,30.0814835557,-0.6432400903,-0.8182970178
192.3218007009,30.1010349113,-0.6509850778,-0.7304218720
192.6229085047,30.1205146255,-0.6578432737,-0.6409706132
192.9242107839,30.1399314717,-0.6637998794,-0.5501362603
193.2257069542,30.1592943592,-0.6688420416,-0.4581148169
193.5273965213,30.1786123138,-0.6729588804,-0.3651048480
193.8292790811,30.1978944580,-0.6761415123,-0.2713070514
194.1313543217,30.2171499918,-0.6783830699,-0.1769238253
194.4336220231,30.2363881725,-0.6796787162,-0.0821588308
194.7360820583,30.2556182949,-0.6800256555,0.0127834470
195.0387343932,30.2748496711,-0.6794231392,0.1076981405
195.3415790869,30.2940916105,-0.6778724674,0.2023804416
195.6446162916,30.3133534000,-0.6753769861,0.2966260439
195.9478462519,30.3326442832,-0.6719420802,0.3902315829
196.2512693048,30.3519734412,-0.6675751615,0.4829950756
196.5548858787,30.3713499725,-0.6622856530,0.5747163558
196.8586964922,30.3907828734,-0.6560849684,0.6651975062
197.1627017536,30.4102810184,-0.6489864878,0.7542432856
197.4669023592,30.4298531414,-0.6410055282,0.8416615498
197.7712990917,30.4495078165,-0.6321593110,0.9272636667
198.0758928187,30.4692534398,-0.6224669248,1.0108649231
198.3806844910,30.4890982112,-0.6119492839,1.0922849232
198.6856751401,30.5090501164,-0.6006290834,1.1713479778
198.9908658763,30.5291169102,-0.5885307502,1.2478834839
199.2962578863,30.5493060994,-0.5756803901,1.3217262922
199.6018524304,30.5696249265,-0.5621057318,1.3927170638
199.9076508402,30.5900803547,-0.5478360669,1.4607026140
200.2136545151,30.6106790520,-0.5329021867,1.5255362427
200.5198649200,30.6314273775,-0.5173363156,1.5870780512
200.8262835816,30.6523313674,-0.5011720418,1.6451952439
201.1329120853,30.6733967219,-0.4844442450,1.6997624147
201.4397520718,30.6946287931,-0.4671890203,1.7506618180
201.7468052336,30.7160325733,-0.4494436015,1.7977836224
202.0540733111,30.7376126844,-0.4312462797,1.8410261479
202.3615580892,30.7593733677,-0.4126363215,1.8802960854
202.6692613932,30.7813184748,-0.3936538834,1.9155086977
202.9771850850,30.8034514596,-0.3743399262,1.9465880025
203.2853310589,30.8257753703,-0.3547361256,1.9734669367
203.5937012377,30.8482928433,-0.3348847830,1.9960875004
203.9022975684,30.8710060972,-0.3148287339,2.0144008829
204.2111220182,30.8939169284,-0.2946112554,2.0283675672
204.5201765702,30.9170267066,-0.2742759731,2.0379574158
204.8294632187,30.9403363725,-0.2538667666,2.0431497358
205.1389839657,30.9638464353,-0.2334276752,2.0439333230
205.4487408157,30.9875569720,-0.2130028026,2.0403064865
205.7587357722,31.0114676267,-0.1926362218,2.0322770526
206.0689708327,31.0355776119,-0.1723718802,2.0198623470
206.3794479849,31.0598857100,-0.1522535042,2.0030891585
206.6901692019,31.0843902758,-0.1323245057,1.9819936805
207.0011364384,31.1090892402,-0.1126278875,1.9566214329
207.3123516264,31.1339801147,-0.0932061514,1.9270271643
207.6238166708,31.1590599965,-0.0741012058,1.8932747337
207.9355334454,31.1843255752,-0.0553542755,1.8554369724
208.2475037890,31.2097731395,-0.0370058129,1.8135955271
208.5597295012,31.2353985856,-0.0190954106,1.7678406838
208.8722123387,31.2611974256,-0.0016617157,1.7182711730
209.1849540115,31.2871647977,0.0152576530,1.6649939562
209.4979561790,31.3132954763,0.0316261867,1.6081239956
209.8112204468,31.3395838836,0.0474085653,1.5477840061
210.1247483628,31.3660241011,0.0625707333,1.4841041897
210.4385414141,31.3926098831,0.0770799736,1.4172219558
210.7526010238,31.4193346695,0.0909049780,1.3472816235
211.0669285480,31.4461916005,0.1040159148,1.2744341109
211.3815252725,31.4731735311,0.1163844930,1.1988366092
211.6963924106,31.5002730463,0.1279840235,1.1206522437
212.0115310999,31.5274824777,0.1387894767,1.0400497214
212.3269424002,31.5547939197,0.1487775366,0.9572029676
212.6426272912,31.5821992464,0.1579266507,0.8722907497
212.9585866703,31.6096901295,0.1662170770,0.7854962926
213.2748213506,31.6372580558,0.1736309263,0.6970068822
213.5913320593,31.6648943463,0.1801522009,0.6070134621
213.9081194360,31.6925901740,0.1857668292,0.5157102211
214.2251840314,31.7203365838,0.1904626957,0.4232941745
214.5425263061,31.7481245114,0.1942296678,0.3299647387
214.8601466296,31.7759448026,0.1970596170,0.2359233010
215.1780452793,31.8037882337,0.1989464368,0.1413727853
215.4962224405,31.8316455311,0.1998860558,0.0465172137
215.8146782051,31.8595073909,0.1998764464,-0.0484387334
216.1334125724,31.8873644998,0.1989176295,-0.1432901587
216.4524254483,31.9152075544,0.1970116740,-0.2378323908
216.7717166458,31.9430272819,0.1941626925,-0.3318614254
217.0912858854,31.9708144596,0.1903768326,-0.4251743655
217.4111327959,31.9985599352,0.1856622636,-0.5175698592
217.7312569149,32.0262546463,0.1800291584,-0.6088485346
218.0516576898,32.0538896402,0.1734896725,-0.6988134294
218.3723344792,32.0814560927,0.1660579166,-0.7872704162
218.6932865542,32.1089453280,0.1577499271,-0.8740286216
219.0145131000,32.1363488364,0.1485836312,-0.9589008377
219.3360132174,32.1636582936,0.1385788080,-1.0417039261
219.6577859253,32.1908655780,0.1277570459,-1.1222592135
219.9798301621,32.2179627886,0.1161416964,-1.2003928765
220.3021447886,32.2449422618,0.1037578231,-1.2759363176
220.6247285901,32.2717965881,0.0906321481,-1.3487265282
220.9475802793,32.2985186282,0.0767929942,-1.4186064406
221.2706984988,32.3251015281,0.0622702237,-1.4854252672
221.5940818242,32.3515387339,0.0470951739,-1.5490388255
221.9177287670,32.3778240063,0.0313005897,-1.6093098494
222.2416377781,32.4039514338,0.0149205530,-1.6661082855
222.5658072510,32.4299154455,-0.0020095913,-1.7193115733
222.8902355249,32.4557108231,-0.0194533111,-1.7688049101
223.2149208891,32.4813327121,-0.0373729661,-1.8144814987
223.5398615859,32.5067766325,-0.0557298891,-1.8562427776
223.8650558148,32.5320384882,-0.0744844693,-1.8939986338
224.1905017364,32.5571145761,-0.0935962378,-1.9276675973
224.5161974760,32.5820015938,-0.1130239551,-1.9571770167
224.8421411283,32.6066966469,-0.1327256997,-1.9824632163
225.1683307608,32.6311972554,-0.1526589591,-2.0034716332
225.4947644184,32.6555013586,-0.1727807210,-2.0201569352
225.8214401274,32.6796073201,-0.1930475664,-2.0324831187
226.1483559002,32.7035139309,-0.2134157632,-2.0404235859
226.4755097389,32.7272204121,-0.2338413609,-2.0439612028
226.8028996401,32.7507264168,-0.2542802846,-2.0430883360
227.1305235992,32.7740320305,-0.2746884312,-2.0378068690
227.4583796145,32.7971377714,-0.2950217636,-2.0281281980
227.7864656915,32.8200445886,-0.3152364064,-2.0140732080
228.1147798477,32.8427538608,-0.3352887401,-1.9956722269
228.4433201162,32.8652673928,-0.3551354956,-1.9729649605
228.7720845505,32.8875874117,-0.3747338473,-1.9460004069
229.1010712282,32.9097165623,-0.3940415057,-1.9148367506
229.4302782556,32.9316579012,-0.4130168085,-1.8795412367
229.7597037717,32.9534148903,-0.4316188105,-1.8401900265
230.0893459518,32.9749913892,-0.4498073721,-1.7968680323
230.4192030119,32.9963916470,-0.4675432459,-1.7496687350
230.7492732126,33.0176202932,-0.4847881610,-1.6986939817
231.0795548624,33.0386823275,-0.5015049064,-1.6440537663
231.4100463216,33.0595831091,-0.5176574103,-1.5858659923
231.7407460061,33.0803283452,-0.5332108188,-1.5242562177
232.0716523902,33.1009240787,-0.5481315704,-1.4593573850
232.4027640105,33.1213766750,-0.5623874690,-1.3913095336
232.7340794687,33.1416928084,-0.5759477530,-1.3202594979
233.0655974350,33.1618794476,-0.5887831620,-1.2463605906
233.3973166502,33.1819438408,-0.6008659995,-1.1697722717
233.7292359293,33.2018935000,-0.6121701930,-1.0906598042
234.0613541636,33.2217361847,-0.6226713502,-1.0091938981
234.3936703230,33.2414798852,-0.6323468116,-0.9255503413
234.7261834587,33.2611328057,-0.6411756994,-0.8399096211
235.0588927045,33.2807033458,-0.6491389624,-0.7524565339
235.3917972795,33.3002000832,-0.6562194174,-0.6633797871
235.7248964893,33.3196317547,-0.6624017863,-0.5728715915
236.0581897273,33.3390072377,-0.6676727285,-0.4811272467
236.3916764767,33.3583355305,-0.6720208704,-0.3883447199
236.7253563110,33.3776257336,-0.6754368294,-0.2947242182
237.0592288950,33.3968870295,-0.6779132347,-0.2004677571
237.3932939860,33.4161286629,-0.6794447426,-0.1057787243
237.7275514337,33.4353599214,-0.6800280483,-0.0108614409
238.0620011809,33.4545901146,-0.6796618933,0.0840792794
238.3966432635,33.4738285544,-0.6783470675,0.1788385725
238.7314778104,33.4930845351,-0.6760864082,0.2732119656
239.0665050435,33.5123673132,-0.6728847935,0.3669958186
239.4017252767,33.5316860870,-0.6687491317,0.4599877637
239.7371389157,33.5510499775,-0.6636883470,0.5519871418
240.0727464567,33.5704680083,-0.6577133595,0.6427954354
240.4085484860,33.5899490859,-0.6508370621,0.7322166974
240.7445456779,33.6095019810,-0.6430742925,0.8200579736
241.0807387937,33.6291353094,-0.6344418014,0.9061297189
241.4171286803,33.6488575131,-0.6249582161,0.9902462067
241.7537162678,33.6686768425,-0.6146440004,1.0722259295
242.0905025678,33.6886013384,-0.6035214103,1.1518919905
242.4274886712,33.7086388145,-0.5916144464,1.2290724852
242.7646757459,33.7287968410,-0.5789488016,1.3036008728
243.1020650342,33.7490827277,-0.5655518060,1.3753163349
243.4396578501,33.7695035086,-0.5514523679,1.4440641230
243.7774555766,33.7900659268,-0.5366809110,1.5096958925
244.1154596623,33.8107764196,-0.5212693096,1.5720700222
244.4536716190,33.8316411046,-0.5052508188,1.6310519206
244.7920930177,33.8526657671,-0.4886600037,1.6865143158
245.1307254857,33.8738558469,-0.4715326640,1.7383375303
245.4695707030,33.8952164269,-0.4539057573,1.7864097395
245.8086303984,33.9167522222,-0.4358173193,1.8306272126
246.1479063460,33.9384675697,-0.4173063812,1.8708945365
246.4874003615,33.9603664190,-0.3984128863,1.9071248219
246.8271142979,33.9824523236,-0.3791776031,1.9392398908
247.1670500420,34.0047284334,-0.3596420379,1.9671704448
247.5072095098,34.0271974879,-0.3398483445,1.9908562150
247.8475946427,34.0498618103,-0.3198392342,2.0102460921
248.1882074033,34.0727233023,-0.2996578828,2.0252982362
248.5290497710,34.0957834404,-0.2793478379,2.0359801678
248.8701237378,34.1190432723,-0.2589529248,2.0422688372
249.2114313041,34.1425034146,-0.2385171517,2.0441506747
249.5529744744,34.1661640521,-0.2180846153,2.0416216195
249.8947552527,34.1900249367,-0.1976994051,2.0346871290
250.2367756384,34.2140853881,-0.1774055087,2.0233621664
250.5790376221,34.2383442957,-0.1572467163,2.0076711689
250.9215431808,34.2628001204,-0.1372665269,1.9876479947
251.2642942744,34.2874508984,-0.1175080540,1.9633358501
251.6072928407,34.3122942449,-0.0980139326,1.9347871961
251.9505407919,34.3373273599,-0.0788262274,1.9020636352
252.2940400098,34.3625470338,-0.0599863419,1.8652357789
252.6377923424,34.3879496544,-0.0415349289,1.8243830947
252.9817995994,34.4135312149,-0.0235118032,1.7795937349
253.3260635486,34.4392873220,-0.0059558552,1.7309643467
253.6705859118,34.4652132063,0.0110950325,1.6785998630
254.0153683615,34.4913037316,0.0276040675,1.6226132766
254.3604125170,34.5175534066,0.0435356262,1.5631253960
254.7057199408,34.5439563966,0.0588553315,1.5002645849
255.0512921354,34.5705065361,0.0735301262,1.4341664850
255.3971305404,34.5971973421,0.0875283449,1.3649737237
255.7432365286,34.6240220279,0.1008197821,1.2928356058
256.0896114037,34.6509735180,0.1133757574,1.2179077920
256.4362563972,34.6780444634,0.1251691773,1.1403519622
256.7831726658,34.7052272573,0.1361745938,1.0603354674
257.1303612890,34.7325140513,0.1463682594,0.9780309682
257.4778232666,34.7598967729,0.1557281780,0.8936160621
257.8255595166,34.7873671425,0.1642341526,0.8072729006
258.1735708734,34.8149166914,0.1718678291,0.7191877962
258.5218580856,34.8425367798,0.1786127353,0.6295508197
258.8704218148,34.8702186161,0.1844543170,0.5385553910
259.2192626340,34.8979532752,0.1893799691,0.4463978611
259.5683810263,34.9257317180,0.1933790632,0.3532770886
259.9177773839,34.9535448111,0.1964429697,0.2593940106
260.2674520073,34.9813833461,0.1985650775,0.1649512091
260.6174051047,35.0092380600,0.1997408074,0.0701524740
260.9676367915,35.0370996545,0.1999676224,-0.0247976370
261.3181470897,35.0649588169,0.1992450330,-0.1196942394
261.6689359287,35.0928062394,0.1975745986,-0.2143325641
262.0200031444,35.1206326396,0.1949599235,-0.3085083995
262.3713484806,35.1484287806,0.1914066497,-0.4020185318
262.7229715886,35.1761854907,0.1869224446,-0.4946611837
263.0748720287,35.2038936832,0.1815169843,-0.5862364498
263.4270492706,35.2315443763,0.1752019326,-0.6765467280
263.7795026950,35.2591287121,0.1679909163,-0.7653971456
264.1322315946,35.2866379759,0.1598994953,-0.8525959801
264.4852351757,35.3140636151,0.1509451296,-0.9379550729
264.8385125602,35.3413972574,0.1411471408,-1.0212902352
265.1920627870,35.3686307292,0.1305266712,-1.1024216452
265.5458848143,35.3957560729,0.1191066379,-1.1811742367
265.8999775222,35.4227655643,0.1069116830,-1.2573780764
266.2543397145,35.4496517290,0.0939681209,-1.3308687308
266.6089701216,35.4764073590,0.0803038816,-1.4014876208
266.9638674034,35.5030255277,0.0659484497,-1.4690823642
267.3190301519,35.5294996054,0.0509328017,-1.5335071042
267.6744568941,35.5558232732,0.0352893385,-1.5946228244
268.0301460959,35.5819905365,0.0190518157,-1.6522976485
268.3860961646,35.6079957386,0.0022552709,-1.7064071251
268.7423054528,35.6338335723,-0.0150640522,-1.7568344961
269.0987722617,35.6594990915,-0.0328687817,-1.8034709488
269.4554948449,35.6849877220,-0.0511204984,-1.8462158505
269.8124714124,35.7102952713,-0.0697798185,-1.8849769657
270.1697001340,35.7354179376,-0.0888064787,-1.9196706552
270.5271791435,35.7603523181,-0.1081594230,-1.9502220566
270.8849065427,35.7850954162,-0.1277968914,-1.9765652457
271.2428804056,35.8096446482,-0.1476765100,-1.9986433788
271.6010987822,35.8339978485,-0.1677553823,-2.0164088155
271.9595597033,35.8581532746,-0.1879901819,-2.0298232213
272.3182611840,35.8821096109,-0.2083372458,-2.0388576504
272.6772012288,35.9058659713,-0.2287526689,-2.0434926083
273.0363778353,35.9294219010,-0.2491923986,-2.0437180936
273.3957889986,35.9527773781,-0.2696123299,-2.0395336197
273.7554327160,35.9759328129,-0.2899684002,-2.0309482159
274.1153069909,35.9988890475,-0.3102166851,-2.0179804080
274.4754098372,36.0216473539,-0.3303134926,-2.0006581780
274.8357392838,36.0442094310,-0.3502154575,-1.9790189040
275.1962933787,36.0665774012,-0.3698796351,-1.9531092795
275.5570701932,36.0887538059,-0.3892635939,-1.9229852126
275.9180678261,36.1107415996,-0.4083255069,-1.8887117053
276.2792844077,36.1325441440,-0.4270242421,-1.8503627136
276.6407181040,36.1541652006,-0.4453194511,-1.8080209872
277.0023671205,36.1756089221,-0.4631716563,-1.7617778916
277.3642297064,36.1968798443,-0.4805423361,-1.7117332108
277.7263041577,36.2179828757,-0.4973940077,-1.6579949317
278.0885888218,36.2389232870,-0.5136903084,-1.6006790115
278.4510821001,36.2597067000,-0.5293960739,-1.5399091271
278.8137824523,36.2803390751,-0.5444774140,-1.4758164085
279.1766883991,36.3008266985,-0.5589017862,-1.4085391557
279.5397985257,36.3211761692,-0.5726380652,-1.3382225404
279.9031114849,36.3413943838,-0.5856566108,-1.2650182926
280.2666259998,36.3614885225,-0.5979293315,-1.1890843733
280.6303408666,36.3814660329,-0.6094297450,-1.1105846336
280.9942549573,36.4013346146,-0.6201330355,-1.0296884613
281.3583672222,36.4211022020,-0.6300161074,-0.9465704149
281.7226766918,36.4407769476,-0.6390576349,-0.8614098476
282.0871824795,36.4603672040,-0.6472381080,-0.7743905200
282.4518837827,36.4798815065,-0.6545398749,-0.6857002033
282.8167798854,36.4993285538,-0.6609471797,-0.5955302745
283.1818701591,36.5187171901,-0.6664461966,-0.5040753035
283.5471540644,36.5380563855,-0.6710250599,-0.4115326328
283.9126311522,36.5573552168,-0.6746738890,-0.3181019520
284.2783010647,36.5766228479,-0.6773848107,-0.2239848671
284.6441635360,36.5958685101,-0.6791519752,-0.1293844650
285.0102183926,36.6151014819,-0.6799715693,-0.0345048756
285.3764655543,36.6343310694,-0.6798418245,0.0604491689
285.7429050338,36.6535665859,-0.6787630208,0.1552727754
286.1095369368,36.6728173319,-0.6767374859,0.2497613325
286.4763614621,36.6920925751,-0.6737695907,0.3437109516
286.8433789007,36.7114015303,-0.6698657393,0.4369189072
287.2105896355,36.7307533395,-0.6650343554,0.5291840739
287.5779941405,36.7501570524,-0.6592858643,0.6203073610
287.9455929794,36.7696216064,-0.6526326702,0.7100921415
288.3133868048,36.7891558080,-0.6450891294,0.7983446767
288.6813763566,36.8087683131,-0.6366715193,0.8848745343
289.0495624604,36.8284676087,-0.6273980038,0.9694949991
289.4179460258,36.8482619948,-0.6172885932,1.0520234761
289.7865280443,36.8681595657,-0.6063651017,1.1322818844
290.1553095873,36.8881681936,-0.5946511002,1.2100970413
290.5242918038,36.9082955106,-0.5821718654,1.2853010365
290.8934759177,36.9285488930,-0.5689543250,1.3577315938
291.2628632256,36.9489354449,-0.5550270000,1.4272324218
291.6324550933,36.9694619831,-0.5404199429,1.4936535507
292.0022529536,36.9901350224,-0.5251646731,1.5568516563
292.3722583028,37.0109607613,-0.5092941086,1.6166903688
292.7424726974,37.0319450691,-0.4928424950,1.6730405677
293.1128977512,37.0530934726,-0.4758453318,1.7257806598
293.4835351312,37.0744111448,-0.4583392957,1.7747968419
293.8543865544,37.0959028932,-0.4403621615,1.8199833462
294.2254537841,37.1175731499,-0.4219527203,1.8612426689
294.5967386259,37.1394259616,-0.4031506964,1.8984857801
294.9682429241,37.1614649813,-0.3839966610,1.9316323161
295.3399685571,37.1836934601,-0.3645319448,1.9606107529
295.7119174343,37.2061142402,-0.3447985490,1.9853585606
296.0840914911,37.2287297489,-0.3248390547,2.0058223380
296.4564926851,37.2515419934,-0.3046965306,2.0219579281
296.8291229921,37.2745525563,-0.2844144405,2.0337305134
297.2019844012,37.2977625924,-0.2640365494,2.0411146909
297.5750789113,37.3211728257,-0.2436068289,2.0440945268
297.9484085261,37.3447835487,-0.2231693625,2.0426635913
298.3219752501,37.3685946209,-0.2027682504,2.0368249720
298.6957810845,37.3926054697,-0.1824475144,2.0265912676
299.0698280222,37.4168150914,-0.1622510028,2.0119845605
299.4441180441,37.4412220532,-0.1422222958,1.9930363693
299.8186531149,37.4658244968,-0.1224046117,1.9697875805
300.1934351781,37.4906201418,-0.1028407133,1.9422883606
300.5684661528,37.5156062910,-0.0835728158,1.9105980479
300.9437479286,37.5407798361,-0.0646424957,1.8747850240
301.3192823625,37.5661372646,-0.0460906011,1.8349265667
301.6950712739,37.5916746670,-0.0279571634,1.7911086831
302.0711164414,37.6173877456,-0.0102813113,1.7434259239
302.4474195988,37.6432718235,0.0068988142,1.6919811795
302.8239824311,37.6693218549,0.0235461415,1.6368854581
303.2008065711,37.6955324359,0.0396247489,1.5782576458
303.5778935959,37.7218978162,0.0550999417,1.5162242503
303.9552450232,37.7484119112,0.0699383273,1.4509191282
304.3328623085,37.7750683159,0.0841078874,1.3824831956
304.7107468416,37.8018603177,0.0975780467,1.3110641243
305.0888999435,37.8287809119,0.1103197391,1.2368160232
305.4673228642,37.8558228158,0.1223054705,1.1598991059
305.8460167791,37.8829784854,0.1335093778,1.0804793445
306.2249827872,37.9102401310,0.1439072853,0.9987281119
306.6042219083,37.9375997341,0.1534767560,0.9148218120
306.9837350810,37.9650490652,0.1621971410,0.8289414987
307.3635231606,37.9925797007,0.1700496232,0.7412724856
307.7435869174,38.0201830421,0.1770172586,0.6520039459
308.1239270346,38.0478503335,0.1830850121,0.5613285043
308.5045441076,38.0755726813,0.1882397909,0.4694418214
308.8854386417,38.1033410731,0.1924704718,0.3765421714
309.2666110521,38.1311463971,0.1957679258,0.2828300143
309.6480616622,38.1589794616,0.1981250376,0.1885075631
310.0297907030,38.1868310155,0.1995367210,0.0937783481
310.4117983131,38.2146917673,0.1999999300,-0.0011532229
310.7940845380,38.2425524061,0.1995136649,-0.0960823055
311.1766493298,38.2704036208,0.1980789750,-0.1908040605
311.5594925480,38.2982361211,0.1956989562,-0.2851140963
311.9426139590,38.3260406567,0.1923787440,-0.3788089095
312.3260132373,38.3538080378,0.1881255028,-0.4716863244
312.7096899656,38.3815291548,0.1829484104,-0.5635459288
313.0936436361,38.4091949979,0.1768586380,-0.6541895072
313.4778736516,38.4367966765,0.1698693260,-0.7434214677
313.8623793266,38.4643254386,0.1619955562,-0.8310492646
314.2471598887,38.4917726895,0.1532543186,-0.9168838134
314.6322144806,38.5191300102,0.1436644753,-1.0007398995
315.0175421617,38.5463891759,0.1332467192,-1.0824365771
315.4031419102,38.5735421738,0.1220235300,-1.1617975602
315.7890126253,38.6005812198,0.1100191251,-1.2386516028
316.1751531296,38.6274987759,0.0972594078,-1.3128328682
316.5615621716,38.6542875663,0.0837719112,-1.3841812873
316.9482384283,38.6809405930,0.0695857388,-1.4525429035
317.3351805085,38.7074511508,0.0547315016,-1.5177702055
317.7223869551,38.7338128421,0.0392412523,-1.5797224448
318.1098562488,38.7600195905,0.0231484160,-1.6382659403
318.4975868112,38.7860656539,0.0064877179,-1.6932743661
318.8855770082,38.8119456370,-0.0107048912,-1.7446290244
319.2738251535,38.8376545028,-0.0283923130,-1.7922191014
319.6623295123,38.8631875834,-0.0465363814,-1.8359419068
320.0510883049,38.8885405906,-0.0650979448,-1.8757030949
320.4400997108,38.9137096244,-0.0840369510,-1.9114168686
320.8293618724,38.9386911819,-0.1033125330,-1.9430061643
321.2188728992,38.9634821648,-0.1228830978,-1.9704028182
321.6086308715,38.9880798859,-0.1427064158,-1.9935477135
321.9986338451,39.0124820752,-0.1627397120,-2.0123909079
322.3888798550,39.0366868844,-0.1829397584,-2.0268917413
322.7793669200,39.0606928913,-0.2032629669,-2.0370189236
323.1700930468,39.0844991026,-0.2236654841,-2.0427506023
323.5610562342,39.1081049561,-0.2441032850,-2.0440744095
323.9522544776,39.1315103220,-0.2645322688,-2.0409874886
324.3436857733,39.1547155029,-0.2849083535,-2.0334965007
324.7353481228,39.1777212338,-0.3051875714,-2.0216176099
325.1272395370,39.2005286796,-0.3253261638,-2.0053764486
325.5193580407,39.2231394334,-0.3452806753,-1.9848080622
325.9117016767,39.2455555125,-0.3650080478,-1.9599568334
326.3042685101,39.2677793545,-0.3844657135,-1.9308763865
326.6970566324,39.2898138115,-0.4036116863,-1.8976294716
327.0900641659,39.3116621446,-0.4224046529,-1.8602878292
327.4832892671,39.3333280162,-0.4408040615,-1.8189320357
327.8767301315,39.3548154827,-0.4587702096,-1.7736513290
328.2703849968,39.3761289853,-0.4762643298,-1.7245434165
328.6642521473,39.3972733406,-0.4932486729,-1.6717142636
329.0583299170,39.4182537302,-0.5096865900,-1.6152778659
329.4526166938,39.4390756896,-0.5255426112,-1.5553560025
329.8471109223,39.4597450960,-0.5407825221,-1.4920779733
330.2418111078,39.4802681559,-0.5553734378,-1.4255803206
330.6367158193,39.5006513914,-0.5692838740,-1.3560065338
331.0318236923,39.5209016267,-0.5824838144,-1.2835067399
331.4271334322,39.5410259726,-0.5949447762,-1.2082373800
331.8226438167,39.5610318117,-0.6066398709,-1.1303608711
332.2183536988,39.5809267824,-0.6175438627,-1.0500452561
332.6142620090,39.6007187621,-0.6276332228,-0.9674638409
333.0103677577,39.6204158507,-0.6368861803,-0.8827948208
333.4066700374,39.6400263527,-0.6452827691,-0.7962208956
333.8031680244,39.6595587595,-0.6528048708,-0.7079288754
334.1998609811,39.6790217310,-0.6594362543,-0.6181092779
334.5967482570,39.6984240768,-0.6651626102,-0.5269559169
334.9938292903,39.7177747376,-0.6699715821,-0.4346654841
335.3911036096,39.7370827654,-0.6738527932,-0.3414371250
335.7885708340,39.7563573042,-0.6767978686,-0.2474720088
336.1862306748,39.7756075703,-0.6788004533,-0.1529728946
336.5840829354,39.7948428325,-0.6798562261,-0.0581436937
336.9821275124,39.8140723919,-0.6799629089,0.0368109705
337.3803643953,39.8333055617,-0.6791202715,0.1316862034
337.7787936667,39.8525516476,-0.6773301321,0.2262772823
338.1774155022,39.8718199274,-0.6745963535,0.3203800974
338.5762301700,39.8911196308,-0.6709248347,0.4137915926
338.9752380301,39.9104599198,-0.6663234982,0.5063102033
339.3744395339,39.9298498690,-0.6608022727,0.5977362918
339.7738352229,39.9492984455,-0.6543730720,0.6878725779
340.1734257278,39.9688144902,-0.6470497691,0.7765245643
340.5732117666,39.9884066982,-0.6388481664,0.8635009569
340.9731941441,40.0080836005,-0.6297859613,0.9486140768
341.3733737488,40.0278535450,-0.6198827085,1.0316802660
341.7737515523,40.0477246792,-0.6091597771,1.1125202832
342.1743286062,40.0677049320,-0.5976403054,1.1909596910
342.5751060403,40.0878019970,-0.5853491501,1.2668292318
342.9760850603,40.1080233155,-0.5723128334,1.3399651935
343.3772669447,40.1283760610,-0.5585594849,1.4102097623
343.7786530426,40.1488671232,-0.5441187821,1.4774113638
344.1802447703,40.1695030934,-0.5290218850,1.5414249895
344.5820436085,40.1902902502,-0.5133013701,1.6021125100
344.9840510991,40.2112345459,-0.4969911592,1.6593429732
345.3862688419,40.2323415939,-0.4801264466,1.7129928863
345.7886984911,40.2536166563,-0.4627436234,1.7629464831
346.1913417515,40.2750646327,-0.4448801983,1.8090959730
346.5942003752,40.2966900494,-0.4265747172,1.8513417742
346.9972761578,40.3184970501,-0.4078666799,1.8895927280
347.4005709341,40.3404893866,-0.3887964549,1.9237662963
347.8040865745,40.3626704105,-0.3694051920,1.9537887388
348.2078249811,40.3850430667,-0.3497347341,1.9795952727
348.6117880831,40.4076098862,-0.3298275263,2.0011302125
349.0159778331,40.4303729813,-0.3097265245,2.0183470897
349.4203962027,40.4533340407,-0.2894751029,2.0312087536
349.8250451781,40.4764943258,-0.2691169603,2.0396874511
350.2299267561,40.4998546682,-0.2486960258,2.0437648869
350.6350429397,40.5234154680,-0.2282563638,2.0434322624
351.0403957336,40.5471766923,-0.2078420794,2.0386902956
351.4459871401,40.5711378763,-0.1874972227,2.0295492187
351.8518191547,40.5952981232,-0.1672656940,2.0160287563
352.2578937617,40.6196561069,-0.1471911493,1.9981580831
352.6642129302,40.6442100748,-0.1273169056,1.9759757608
353.0707786093,40.6689578509,-0.1076858477,1.9495296544
353.4775927246,40.6938968416,-0.0883403359,1.9188768298
353.8846571735,40.7190240402,-0.0693221140,1.8840834300
354.2919738215,40.7443360342,-0.0506722199,1.8452245326
354.6995444976,40.7698290121,-0.0324308965,1.8023839878
355.1073709910,40.7954987721,-0.0146375051,1.7556542374
355.5154550470,40.8213407308,0.0026695594,1.7051361154
355.9237983631,40.8473499333,0.0194529518,1.6509386305
356.3324025855,40.8735210637,0.0356764565,1.5931787306
356.7412693053,40.8998484569,0.0513050663,1.5319810507
357.1504000555,40.9263261103,0.0663050576,1.4674776440
357.5597963074,40.9529476975,0.0806440633,1.3998076965
357.9694594672,40.9797065810,0.0942911424,1.3291172273
358.3793908735,41.0065958276,0.1072168472,1.2555587733
358.7895917943,41.0336082223,0.1193932864,1.1792910596
359.2000634236,41.0607362846,0.1307941855,1.1004786576
359.6108068798,41.0879722845,0.1413949435,1.0192916297
360.0218232025,41.1153082589,0.1511726861,0.9359051622
360.4331133509,41.1427360291,0.1601063146,0.8504991875
360.8446782012,41.1702472183,0.1681765520,0.7632579955
361.2565185449,41.1978332696,0.1753659842,0.6743698364
361.6686350871,41.2254854647,0.1816590978,0.5840265140
362.0810284451,41.2531949425,0.1870423135,0.4924229722
362.4936991469,41.2809527183,0.1915040152,0.3997568743
362.9066476302,41.3087497031,0.1950345754,0.3062281763
363.3198742411,41.3365767236,0.1976263759,0.2120386955
363.7333792340,41.3644245413,0.1992738241,0.1173916751
364.1471627703,41.3922838731,0.1999733650,0.0224913455
364.5612249188,41.4201454109,0.1997234892,-0.0724575161
364.9755656549,41.4479998419,0.1985247359,-0.1672500281
365.3901848610,41.4758378686,0.1963796917,-0.2616816460
365.8050823267,41.5036502289,0.1932929853,-0.3555486041
366.2202577493,41.5314277163,0.1892712772,-0.4486483552
366.6357107343,41.5591611991,0.1843232454,-0.5407800076
367.0514407965,41.5868416409,0.1784595670,-0.6317447584
367.4674473606,41.6144601197,0.1716928945,-0.7213463229
367.8837297630,41.6420078472,0.1640378293,-0.8093913578
368.3002872529,41.6694761877,0.1555108895,-0.8956898783
368.7171189939,41.6968566768,0.1461304746,-0.9800556686
369.1342240660,41.7241410397,0.1359168259,-1.0623066831
369.5516014673,41.7513212090,0.1248919824,-1.1422654397
369.9692501167,41.7783893423,0.1130797337,-1.2197594023
370.3871688554,41.8053378387,0.1005055683,-1.2946213536
370.8053564502,41.8321593556,0.0871966191,-1.3666897556
371.2238115956,41.8588468244,0.0731816041,-1.4358090982
371.6425329172,41.8853934655,0.0584907652,-1.5018302349
372.0615189739,41.9117928037,0.0431558024,-1.5646107044
372.4807682617,41.9380386811,0.0272098057,-1.6240150384
372.9002792165,41.9641252713,0.0106871836,-1.6799150535
373.3200502178,41.9900470915,-0.0063764113,-1.7321901279
373.7400795920,42.0157990144,-0.0239441589,-1.7807274619
374.1603656159,42.0413762794,-0.0419781514,-1.8254223210
374.5809065207,42.0667745026,-0.0604394747,-1.8661782621
375.0017004958,42.0919896866,-0.0792882928,-1.9029073416
375.4227456923,42.1170182290,-0.0984839335,-1.9355303051
375.8440402275,42.1418569301,-0.1179849762,-1.9639767583
376.2655821887,42.1665029996,-0.1377493413,-1.9881853191
376.6873696374,42.1909540633,-0.1577343811,-2.0081037501
377.1094006134,42.2152081674,-0.1778969716,-2.0236890709
377.5316731391,42.2392637833,-0.1981936057,-2.0349076514
377.9541852237,42.2631198107,-0.2185804871,-2.0417352840
378.3769348677,42.2867755798,-0.2390136247,-2.0441572359
378.7999200670,42.3102308532,-0.2594489277,-2.0421682811
379.2231388171,42.3334858260,-0.2798423006,-2.0357727114
379.6465891179,42.3565411253,-0.3001497382,-2.0249843271
380.0702689775,42.3793978094,-0.3203274209,-2.0098264075
380.4941764169,42.4020573650,-0.3403318092,-1.9903316607
380.9183094740,42.4245217041,-0.3601197372,-1.9665421526
381.3426662080,42.4467931602,-0.3796485065,-1.9385092165
381.7672447034,42.4688744827,-0.3988759774,-1.9062933422
382.1920430744,42.4907688315,-0.4177606609,-1.8699640454
382.6170594686,42.5124797698,-0.4362618073,-1.8295997180
383.0422920715,42.5340112566,-0.4543394946,-1.7852874587
383.4677391100,42.5553676382,-0.4719547145,-1.7371228848
383.8933988563,42.5765536387,-0.4890694567,-1.6852099266
384.3192696318,42.5975743499,-0.5056467909,-1.6296606024
384.7453498105,42.6184352201,-0.5216509463,-1.5705947771
385.1716378227,42.6391420426,-0.5370473888,-1.5081399038
385.5981321582,42.6597009433,-0.5518028960,-1.4424307483
386.0248313699,42.6801183669,-0.5658856281,-1.3736090987
386.4517340764,42.7004010637,-0.5792651973,-1.3018234589
386.8788389655,42.7205560746,-0.5919127329,-1.2272287291
387.3061447967,42.7405907160,-0.6038009441,-1.1499858705
387.7336504038,42.7605125641,-0.6149041782,-1.0702615588
388.1613546980,42.7803294384,-0.6251984767,-0.9882278240
388.5892566695,42.8000493850,-0.6346616262,-0.9040616794
389.0173553901,42.8196806591,-0.6432732071,-0.8179447398
389.4456500152,42.8392317073,-0.6510146373,-0.7300628294
389.8741397856,42.8587111491,-0.6578692122,-0.6406055807
390.3028240288,42.8781277589,-0.6638221409,-0.5497660256
390.7317021610,42.8974904463,-0.6688605781,-0.4577401789
391.1607736880,42.9168082374,-0.6729736519,-0.3647266150
391.5900382065,42.9360902554,-0.6761524869,-0.2709260397
392.0194954046,42.9553457002,-0.6783902238,-0.1765408570
392.4491450628,42.9745838295,-0.6796820341,-0.0817747323
392.8789870544,42.9938139382,-0.6800251302,0.0131678469
393.3090213458,43.0130453384,-0.6794187719,0.1080820123
393.7392479965,43.0322873395,-0.6778642675,0.2027629571
394.1696671589,43.0515492281,-0.6753649713,0.2970063776
394.6002790782,43.0708402478,-0.6719262763,0.3906089142
395.0310840916,43.0901695793,-0.6675556027,0.4833685902
395.4620826278,43.1095463208,-0.6622623815,0.5750852478
395.8932752060,43.1289794679,-0.6560580345,0.6655609796
396.3246624348,43.1484778949,-0.6489559495,0.7546005560
396.7562450107,43.1680503349,-0.6409714514,0.8420118463
397.1880237168,43.1877053613,-0.6321217693,0.9276062335
397.6199994212,43.2074513696,-0.6224259992,1.0111990209
398.0521730748,43.2272965587,-0.6119050627,1.0926098311
398.4845457096,43.2472489135,-0.6005816620,1.1716629948
398.9171184362,43.2673161878,-0.5884802308,1.2481879302
399.3498924415,43.2875058873,-0.5756268818,1.3220195109
399.7828689862,43.3078252536,-0.5620493502,1.3929984221
400.2160494020,43.3282812484,-0.5477769335,1.4609715049
400.6494350888,43.3488805388,-0.5328404292,1.5257920859
401.0830275117,43.3696294825,-0.5172720672,1.5873202947
401.5168281975,43.3905341143,-0.5011054412,1.6454233649
401.9508387319,43.4116001331,-0.4843754358,1.6999759210
402.3850607560,43.4328328895,-0.4671181511,1.7508602488
402.8194959622,43.4542373745,-0.4493708251,1.7979665497
403.2541460913,43.4758182082,-0.4311717533,1.8411931770
403.6890129284,43.4975796305,-0.4125602057,1.8804468557
404.1240982988,43.5195254915,-0.3935763427,1.9156428839
404.5594040646,43.5416592432,-0.3742611277,1.9467053152
404.9949321202,43.5639839324,-0.3546562394,1.9735671226
405.4306843885,43.5865021937,-0.3348039816,1.9961703434
405.8666628167,43.6092162441,-0.3147471915,2.0144662041
406.3028693720,43.6321278781,-0.2945291480,2.0284152258
406.7393060375,43.6552384639,-0.2741934778,2.0379873090
407.1759748077,43.6785489402,-0.2537840615,2.0431617990
407.6128776843,43.7020598147,-0.2333449387,2.0439275301
408.0500166722,43.7257711624,-0.2129202133,2.0402828502
408.4873937747,43.7496826259,-0.1925539579,2.0322356237
408.9250109892,43.7737934158,-0.1722901192,2.0198032151
409.3628703034,43.7981023128,-0.1521724225,2.0030124511
409.8009736904,43.8226076699,-0.1322442783,1.9818995630
410.2393231048,43.8473074165,-0.1125486875,1.9565101085
410.6779204784,43.8721990622,-0.0931281497,1.9268988733
411.1167677161,43.8972797026,-0.0740245707,1.8931297528
411.5558666915,43.9225460257,-0.0552791724,1.8552756144
411.9952192432,43.9479943186,-0.0369324038,1.8134181403
412.4348271708,43.9736204758,-0.0190238539,1.7676476510
412.8746922307,43.9994200081,-0.0015921659,1.7180629106
413.3148161327,44.0253880520,0.0153250459,1.6647709136
413.7552005360,44.0515193806,0.0316912773,1.6078866542
414.1958470460,44.0778084145,0.0474712131,1.5475328779
414.6367572103,44.1042492341,0.0626308031,1.4838398168
415.0779325159,44.1308355922,0.0771373359,1.4169449085
415.5193743855,44.1575609276,0.0909595089,1.3469924996
415.9610841748,44.1844183792,0.1040674966,1.2741335343
416.4030631696,44.2114008008,0.1164330145,1.1985252285
416.8453125827,44.2385007766,0.1280293800,1.1203307308
417.2878335515,44.2657106370,0.1388315703,1.0397187701
417.7306271354,44.2930224756,0.1488162764,0.9568632919
418.1736943138,44.3204281655,0.1579619532,0.8719430828
418.6170359838,44.3479193777,0.1662488660,0.7851413845
419.0606529581,44.3754875984,0.1736591332,0.6966454987
419.5045459636,44.4031241477,0.1801767648,0.6066463831
419.9487156394,44.4308201983,0.1857876971,0.5153382387
420.3931625360,44.4585667946,0.1904798227,0.4229180913
420.8378871136,44.4863548716,0.1942430168,0.3295853663
421.2828897412,44.5141752751,0.1970691592,0.2355414580
421.7281706961,44.5420187811,0.1989521517,0.1409892955
422.1737301629,44.5698761157,0.1998879310,0.0461329047
422.6195682335,44.5977379751,0.1998744779,-0.0488230322
423.0656849065,44.6255950458,0.1989118215,-0.1436736182
423.5120800874,44.6534380247,0.1970020390,-0.2382141836
423.9587535891,44.6812576389,0.1941492514,-0.3322407276
424.4057051316,44.7090446662,0.1903596143,-0.4255503586
424.8529343433,44.7367899545,0.1856413053,-0.5179417320
425.3004407613,44.7644844419,0.1800045054,-0.6092154845
425.7482238329,44.7921191760,0.1734613778,-0.6991746647
426.1962829162,44.8196853334,0.1660260414,-0.7876251575
426.6446172821,44.8471742386,0.1577145402,-0.8743761033
427.0932261151,44.8745773830,0.1485448089,-0.9592403100
427.5421085161,44.9018864428,0.1385366341,-1.0420346566
427.9912635033,44.9290932974,0.1277116114,-1.1225804884
428.4406900150,44.9561900467,0.1160930993,-1.2007040027
428.8903869116,44.9831690281,0.1037061683,-1.2762366236
429.3403529783,45.0100228332,0.0905775470,-1.3490153660
429.7905869272,45.0367443237,0.0767355647,-1.4188831871
430.2410874008,45.0633266467,0.0622100896,-1.4856893251
430.6918529744,45.0897632499,0.0470324651,-1.5492896251
431.1428821592,45.1160478951,0.0312354415,-1.6095468495
431.5941734060,45.1421746721,0.0148531059,-1.6663309746
432.0457251079,45.1681380115,-0.0020791917,-1.7195194709
432.4975356040,45.1939326963,-0.0195249146,-1.7689975678
432.9496031834,45.2195538737,-0.0374464182,-1.8146585006
433.4019260882,45.2449970651,-0.0558050314,-1.8564037418
433.8545025177,45.2702581760,-0.0745611395,-1.8941432129
434.3073306324,45.2953335049,-0.0936742706,-1.9277954794
434.7604085575,45.3202197511,-0.1131031821,-1.9572879258
435.2137343874,45.3449140219,-0.1328059499,-1.9825569131
435.6673061897,45.3694138388,-0.1527400594,-2.0035479156
436.1211220091,45.3937171430,-0.1728624963,-2.0202156386
436.5751798720,45.4178222997,-0.1931298403,-2.0325241163
437.0294777905,45.4417281016,-0.2134983582,-2.0404467893
437.4840137669,45.4654337718,-0.2339240987,-2.0439665620
437.9387857977,45.4889389648,-0.2543629867,-2.0430758393
438.3937918782,45.5122437681,-0.2747709191,-2.0377765434
438.8490300068,45.5353487016,-0.2951038594,-2.0280801090
439.3044981891,45.5582547161,-0.3153179329,-2.0140074593
439.7601944426,45.5809631920,-0.3353695214,-1.9955889604
440.2161168005,45.6034759359,-0.3552153574,-1.9728643559
440.6722633162,45.6257951766,-0.3748126173,-1.9458826813
441.1286320677,45.6479235605,-0.3941190138,-1.9147021580
441.5852211614,45.6698641459,-0.4130928875,-1.8793900675
442.0420287362,45.6916203963,-0.4316932963,-1.8400226069
442.4990529677,45.7131961730,-0.4498801040,-1.7966847236
442.9562920722,45.7345957266,-0.4676140668,-1.7494699327
443.4137443102,45.7558236880,-0.4848569183,-1.6984801149
443.8714079906,45.7768850585,-0.5015714516,-1.6438252964
444.3292814739,45.7977851988,-0.5177215998,-1.5856234122
444.7873631761,45.8185298173,-0.5332725141,-1.5240000510
445.2456515720,45.8391249584,-0.5481906384,-1.4590881843
445.7041451982,45.8595769886,-0.5624437822,-1.3910278799
446.1628426569,45.8798925835,-0.5760011900,-1.3199659989
446.6217426183,45.9000787131,-0.5888336074,-1.2460558797
447.0808438238,45.9201426266,-0.6009133444,-1.1694570063
447.5401450885,45.9400918369,-0.6122143353,-1.0903346647
447.9996453040,45.9599341047,-0.6227121947,-1.0088595859
448.4593434407,45.9796774211,-0.6323842701,-0.9252075780
448.9192385499,45.9993299910,-0.6412096910,-0.8395591462
449.3793297660,46.0189002150,-0.6491694139,-0.7520991037
449.8396163083,46.0383966713,-0.6562462631,-0.6630161728
450.3000974827,46.0578280974,-0.6624249681,-0.5725025778
450.7607726831,46.0772033711,-0.6676921965,-0.4807536298
451.2216413929,46.0965314914,-0.6720365826,-0.3879673060
451.6827031860,46.1158215589,-0.6754487519,-0.2943438218
452.1439577278,46.1350827565,-0.6779213417,-0.2000851989
452.6054047758,46.1543243292,-0.6794490166,-0.1053948298
453.0670441800,46.1735555646,-0.6800284802,-0.0104770385
453.5288758836,46.1927857724,-0.6796584820,0.0844633603
453.9908999230,46.2120242645,-0.6783398205,0.1792215030
454.4531164275,46.2312803351,-0.6760753411,0.2735929195
454.9155256192,46.2505632403,-0.6728699302,0.3673739738
455.3781278124,46.2698821785,-0.6687305043,0.4603623043
455.8409234133,46.2892462700,-0.6636659956,0.5523572595
456.3039129184,46.3086645381,-0.6576873323,0.6431603317
456.7670969143,46.3281458889,-0.6508074153,0.7325755849
457.2304760757,46.3476990923,-0.6430410902,0.8204100778
457.6940511644,46.3673327636,-0.6344051152,0.9064742800
458.1578230274,46.3870553440,-0.6249181251,0.9905824813
458.6217925952,46.4068750830,-0.6146005910,1.0725531920
459.0859608797,46.4268000206,-0.6034747763,1.1522095346
459.5503289723,46.4468379696,-0.5915646884,1.2293796258
460.0148980411,46.4669964991,-0.5788960270,1.3038969471
460.4796693286,46.4872829178,-0.5654961287,1.3756007041
460.9446441492,46.5077042588,-0.5513939079,1.4443361735
461.4098238861,46.5282672636,-0.5366197947,1.5099550371
461.8752099882,46.5489783683,-0.5212056686,1.5723157019
462.3408039675,46.5698436895,-0.5051847907,1.6312836052
462.8066073954,46.5908690109,-0.4885917307,1.6867315053
463.2726218992,46.6120597708,-0.4714622936,1.7385397561
463.7388491592,46.6334210508,-0.4538334413,1.7865965653
464.2052909044,46.6549575645,-0.4357432137,1.8307982351
464.6719489091,46.6766736471,-0.4172306460,1.8710493868
465.1388249891,46.6985732467,-0.3983356848,1.9072631658
465.6059209977,46.7206599151,-0.3790991020,1.9393614298
466.0732388215,46.7429368007,-0.3595624065,1.9672749166
466.5407803769,46.7654066412,-0.3397677547,1.9909433943
467.0085476053,46.7880717582,-0.3197578599,2.0103157907
467.4765424694,46.8109340517,-0.2995758996,2.0253503038
467.9447669486,46.8339949963,-0.2792654226,2.0360144919
468.4132230350,46.8572556380,-0.2588702552,2.0422853438
468.8819127291,46.8807165919,-0.2384344064,2.0441493281
469.3508380352,46.9043780407,-0.2180019727,2.0416024227
469.8200009574,46.9282397348,-0.1976170436,2.0346501234
470.2894034952,46.9523009921,-0.1773236059,2.0233074319
470.7590476388,46.9765607002,-0.1571654491,2.0075988235
471.2289353656,47.0010173183,-0.1371860706,1.9875581946
